patient_id,gene,protein_change,immunogenic,expression_tpm,expression_score,presentation_score,binding_nm,final_binding_affinity_nm,predicted_affinity_nm,self_dissimilarity,mutant_peptide,wt_peptide,hla_allele,final_hla_allele,peptide_length,cancer_type,dai,iedb_immuno,iedb_immuno_wt,iedb_immuno_diff,proteome_foreignness,proteome_foreignness_wt,proteome_foreignness_diff,tcr_hydrophobicity_mut,tcr_hydrophobicity_diff,tcr_hydrophobicity_abs_diff,tcr_volume_mut,tcr_volume_diff,tcr_volume_abs_diff,tcr_aromaticity_mut,tcr_aromaticity_diff,tcr_charge_mut,tcr_charge_diff,tcr_charge_abs_diff,tcr_surface_change,mut_at_tcr_contact,mut_at_anchor,mut_position_centrality,n_mutations,hamming_distance,anchor_quality,anchor_quality_wt,anchor_quality_diff,paper_source,binding_log,binding_sigmoid,binding_rank,binding_log50k,expression_log2,expression_binary,expression_zscore,vaf,clonality_class,tcr_hydro_mean,tcr_volume_mean,tcr_charge_sum,tcr_aromatic_count,tcr_hydro_diff,blosum62_score,blosum62_at_mutation,pep_length,calis_simplified,hydro_full_mean,hydro_full_max,aliphatic_index,molecular_weight,isoelectric_point,instability_index
ott_1,ACPP,p.E34K,1,1.267364,0.1773773664787005,0.6771502972196191,31.89,31.89,,0.333806,KLKFVTLVF,ELKFVTLVF,HLA-A*24:02,HLA-A*24:02,9,melanoma,0.4231270519686335,-0.0026666666666666,-0.002,-0.0006666666666666,0.1111111111111111,0.0,0.1111111111111111,1.566666666666667,-0.0266666666666666,0.0266666666666666,157.85333333333335,2.0133333333333305,2.0133333333333305,0.2,0.0,0.1999999999999999,0.1333333333333333,0.1333333333333333,0.0816855178531825,0.3333333333333333,0.0,0.3333333333333333,1.0,0.1111111111111111,1.0,1.0,0.0,ott_2017,1.5036545192429591,-0.7190980363871531,0.36363636363636365,0.6800033799203979,1.1810160182687572,1.0,-0.47875771087177604,,,1.566666666666667,157.85333333333335,0.1999999999999999,0.2,-0.0266666666666666,39.0,1.0,9,1.5949999999999998,1.4555555555555557,4.2,5.088888888888889,1094.3886,10.002737236022949,-19.41111111111111
ott_1,ADARB1,p.D340N,0,11.090657,0.5400580540609305,0.6289598485757488,54.4,54.4,,0.35,KFGDLTNNF,KFGDLTDNF,HLA-A*24:02,HLA-A*24:02,9,melanoma,0.0308583944005211,-0.072,-0.09,0.018,0.1111111111111111,0.0,0.1111111111111111,-1.48,0.0,0.0,124.42,0.5999999999999943,0.5999999999999943,0.0,0.0,-0.2,0.2,0.2,0.1035928143712574,1.0,0.0,0.5,1.0,0.1111111111111111,0.95,0.95,0.0,ott_2017,1.73559889969818,-1.0790487257309442,0.5454545454545454,0.630642694442263,3.5958207369010773,1.0,-0.34532829566390416,,,-1.48,124.42,-0.2,0.0,0.0,45.0,1.0,9,-0.5600000000000002,-0.6777777777777778,3.8,2.111111111111111,1055.1406000000002,5.835682106018066,-24.51111111111111
ott_1,ARHGEF15,p.V651A,0,2.78332,0.2883135827479376,0.6144177010253777,63.84,63.84,,0.411111,ALFASRPRF,VLFASRPRF,HLA-B*15:01,HLA-B*15:01,9,melanoma,0.1015266380215742,-0.072,-0.072,0.0,0.1111111111111111,0.0,0.1111111111111111,-1.92,0.0,0.0,127.42,0.0,0.0,0.0,0.0,0.4,0.0,0.0,0.0,0.0,0.0,0.0,1.0,0.1111111111111111,1.0,1.0,0.0,ott_2017,1.805092878342673,-1.2694314216369271,0.6363636363636364,0.6158535005167076,1.9196528072856278,1.0,-0.45816653818041225,,,-1.92,127.42,0.4,0.0,0.0,41.0,0.0,9,-0.3849999999999999,0.17777777777777784,3.8,2.7555555555555555,1064.2402000000002,11.999967765808105,43.31111111111112
ott_1,DCAKD,p.S199F,1,16.020087,0.6141538935814159,0.7913465974353804,8.56,8.56,,0.41271925,RFLEYLPLRF,RSLEYLPLRF,HLA-A*24:02,HLA-A*24:02,10,melanoma,1.0061733377323536,-0.06075,-0.0754166666666666,0.0146666666666666,0.1055555555555555,0.0,0.1055555555555555,-1.0358333333333334,0.3299999999999999,0.3299999999999999,155.09,9.249166666666667,9.249166666666667,0.1333333333333333,0.0916666666666666,-0.1416666666666666,0.0,0.0,0.1837175648702594,0.5,0.5,0.2430555555555555,1.0,0.1055555555555555,1.0,0.95,0.5,ott_2017,0.9324737646771533,-0.3947899601618055,0.18181818181818182,0.8015578384589167,4.089166506420508,1.0,-0.2783720354558314,,,-1.0358333333333334,155.09,-0.1416666666666666,0.1333333333333333,0.3299999999999999,45.0,-2.0,10,0.1999999999999999,0.15999999999999986,3.8,5.7,1353.6095,8.745474815368652,47.52
ott_1,LUM,p.G248E,0,239.784331,1.0,0.6640707035791289,36.89,36.89,,0.375,GIPENSFNV,GIPGNSFNV,HLA-A*02:01,HLA-A*02:01,9,melanoma,0.3996912816477271,-0.062,-0.032,-0.03,0.1111111111111111,0.0,0.1111111111111111,-1.7,-0.6199999999999999,0.6199999999999999,129.1,15.659999999999982,15.659999999999982,0.2,0.0,-0.2,-0.2,0.2,0.2626613439787091,1.0,0.0,0.75,1.0,0.1111111111111111,0.9,0.9,0.0,ott_2017,1.5669086552268034,-0.7910624509862315,0.45454545454545453,0.6665421031032495,7.911597701788838,1.0,2.7610091803290944,,,-1.7,129.1,-0.2,0.2,-0.6199999999999999,41.0,-2.0,9,-1.2000000000000002,-0.19999999999999998,4.5,2.5444444444444443,976.0407000000002,4.0500284194946286,15.566666666666665
ott_1,MECOM,p.Q216K,0,1.326601,0.1829656237861628,0.7444443617905391,14.88,14.88,,0.322205,KLFESKAEL,QLFESKAEL,HLA-A*02:01,HLA-A*02:01,9,melanoma,0.5357488828160532,-0.1123333333333333,-0.1123333333333333,0.0,0.1055555555555555,0.0,0.1055555555555555,-1.498333333333333,0.0,0.0,128.10833333333335,0.0,0.0,0.0,0.0,-0.1833333333333333,0.0,0.0,0.0,0.0,0.0,0.0,1.0,0.1055555555555555,0.95,0.95,0.0,ott_2017,1.1726029312098598,-0.48715514467652943,0.2727272727272727,0.7504553274168957,1.218223817241874,1.0,-0.47795309695374794,,,-1.498333333333333,128.10833333333335,-0.1833333333333333,0.0,0.0,38.0,1.0,9,-1.1700000000000004,-0.37777777777777793,3.8,4.544444444444444,1064.2321000000002,6.142555809020995,20.85555555555556
ott_1,NLRC4,p.D368E,0,2.257374,0.2558809342009845,0.813653137256874,6.51,6.51,,0.4171681666666667,TLFHTFYEL,TLFHTFYDL,HLA-A*02:01,HLA-A*02:01,9,melanoma,0.1261699558950368,0.0235555555555555,0.0235555555555555,0.0,0.1037037037037037,0.0,0.1037037037037037,-0.2544444444444445,0.0,0.0,161.2938888888889,4.853333333333325,4.853333333333325,0.4694444444444445,0.0,-0.1194444444444444,0.0,0.0,0.0290618762475049,1.0,0.0,0.3842592592592592,1.0,0.1037037037037037,0.95,0.95,0.0,ott_2017,0.8135809885681919,-0.3609094588662406,0.09090909090909091,0.8268597186580352,1.703709374314252,1.0,-0.4653104426950104,,,-0.2544444444444445,161.2938888888889,-0.1194444444444444,0.4694444444444445,0.0,47.0,2.0,9,0.09999999999999973,0.4222222222222221,3.8,4.222222222222222,1170.3124,5.210453224182127,42.06777777777778
ott_1,PRRC2C,p.S2300P,0,103.210996,1.0,0.4923176804278731,241.99,241.99,,0.457766,YNSFSSAPM,YNSFSSASM,HLA-B*15:01,HLA-B*15:01,9,melanoma,0.0289701831142159,-0.0231666666666666,-0.0195,-0.0036666666666666,0.1055555555555555,0.0,0.1055555555555555,-0.1766666666666667,-0.1466666666666667,0.1466666666666667,116.06166666666668,4.345000000000013,4.345000000000013,0.1,0.0,0.0,0.0,0.0,0.0423142603681526,1.0,0.0,0.5694444444444444,1.0,0.1055555555555555,0.8500000000000001,0.8500000000000001,0.0,ott_2017,2.3837974195566636,2.7052263832348995,1.0,0.4926978854180827,6.703363703837291,1.0,0.9059387653431237,,,-0.1766666666666667,116.06166666666668,0.0,0.1,-0.1466666666666667,39.0,-1.0,9,0.11499999999999982,-0.2555555555555556,2.8,0.3222222222222222,1003.0858999999998,5.524318122863768,43.31111111111112
ott_1,PRTG,p.F1055L,0,0.575986,0.0985632133521912,0.5901494311214648,83.31,83.31,,0.3208335,FLFQDSKKI,FFFQDSKKI,HLA-A*02:01,HLA-A*02:01,9,melanoma,1.3591524643464754,-0.082,-0.076,-0.006,0.1111111111111111,0.0,0.1111111111111111,-1.77,0.0999999999999999,0.0999999999999999,160.26999999999998,-2.319999999999993,2.319999999999993,0.2,-0.0999999999999999,0.3,0.0,0.0,0.1250033266799733,0.5,0.5,0.125,1.0,0.1111111111111111,0.9,0.55,0.45,ott_2017,1.92069713446992,-1.7967975111644674,0.8181818181818182,0.5912514587882922,0.6562547189184745,0.0,-0.48814867195046807,,,-1.77,160.26999999999998,0.3,0.2,0.0999999999999999,41.0,0.0,9,-1.3100000000000003,-0.1888888888888889,4.5,4.222222222222222,1125.3166,8.59094409942627,42.25555555555556
ott_1,RUSC2,p.S569F,0,6.666022,0.4413314515485423,0.5328920295331474,155.65,155.65,,0.341739,SVGDFSQEF,SVGDSSQEF,HLA-B*15:01,HLA-B*15:01,9,melanoma,-0.1982604905754078,-0.0766666666666666,-0.106,0.0293333333333333,0.1055555555555555,0.0,0.1055555555555555,-1.5916666666666668,0.66,0.66,128.245,18.498333333333328,18.498333333333328,0.1833333333333333,0.1833333333333333,-0.3666666666666667,0.0,0.0,0.3674351297405189,1.0,0.0,0.9444444444444444,1.0,0.1055555555555555,1.0,1.0,0.0,ott_2017,2.1921491250185343,-73.30433170373145,0.9090909090909091,0.5334830562877166,2.938478138400022,1.0,-0.405427944585939,,,-1.5916666666666668,128.245,-0.3666666666666667,0.1833333333333333,0.66,38.0,-2.0,9,-0.5550000000000003,-0.30000000000000004,4.2,0.43333333333333335,1015.0303999999999,4.0500284194946286,33.87777777777778
ott_1,ZBED4,p.S218F,0,16.674497,0.6223288736713356,0.5951611123816083,78.86,78.86,,0.4375,VQKVASKIPF,VQKVASKIPS,HLA-B*15:01,HLA-B*15:01,10,melanoma,2.3783292961273905,-0.0416666666666666,-0.0416666666666666,0.0,0.1,0.0,0.1,0.7000000000000002,0.0,0.0,127.60000000000002,0.0,0.0,0.0,0.0,0.1666666666666666,0.0,0.0,0.0,0.0,1.0,0.0,1.0,0.1,0.5,0.0,0.5,ott_2017,1.8968567727372043,-1.6550086116849247,0.7272727272727273,0.5963249880320876,4.143597252726478,1.0,-0.2694832093151286,,,0.7000000000000002,127.60000000000002,0.1666666666666666,0.0,0.0,40.0,-2.0,10,0.3500000000000001,0.38,4.5,2.9699999999999998,1116.3529,10.002350425720216,8.400000000000002
ott_2,ADM2a,NeoORF,0,2.228769,0.2539697383337452,0.6200600273507451,60.0,60.0,,0.366667,TPAAPTAMA,,HLA-B*56:01,HLA-B*56:01,9,melanoma,,-0.016,,,0.5555555555555556,,,0.64,,,113.78,,,0.0,,0.0,,,0.0,,,,,,0.0,,,ott_2017,1.7781512503836436,-1.1881599745827536,0.7142857142857143,0.6215870182736136,1.690984228045211,1.0,-0.5499609896825088,,,0.64,113.78,0.0,0.0,,,,9,0.33,0.5000000000000001,1.9,1.2888888888888888,829.9611,5.1849893569946275,65.4
ott_2,ADM2c,NeoORF,0,2.228769,0.2539697383337452,0.446019115157279,400.0,400.0,,0.32,TPAHPSQGA,,HLA-B*56:01,HLA-B*56:01,9,melanoma,,-0.028,,,0.6666666666666666,,,-1.9000000000000004,,,111.76,,,0.1,,0.1,,,0.0,,,,,,0.0,,,ott_2017,2.6020599913279625,1.2404178127351824,0.9285714285714286,0.4462488611489567,1.690984228045211,1.0,-0.5499609896825088,,,-1.9000000000000004,111.76,0.1,0.1,,,,9,-1.3350000000000002,-0.911111111111111,1.8,0.6444444444444444,864.9024999999999,6.40151424407959,51.02222222222223
ott_2,ADM2c,p.G97fs,0,,,0.9625256314898334,0.5,0.5,,0.435185,TPAHPSQGAV,,HLA-B*56:01,HLA-B*56:01,10,melanoma,,-0.0266666666666666,,,0.7,,,-1.2833333333333337,,,107.9,,,0.0833333333333333,,0.0833333333333333,,,0.0,,,,,,0.5,,,ott_2017,-0.3010299956639812,-0.2,0.21428571428571427,1.0,,0.0,,,,-1.2833333333333337,107.9,0.0833333333333333,0.0833333333333333,,,,10,-1.04,-0.3999999999999999,4.2,0.97,964.0334999999998,6.40151424407959,46.92000000000001
ott_2,BAZ2A,p.S500F,0,38.849305,0.7984850994107604,0.9911911315441606,0.1,0.1,,0.427502,FPAAAFPTA,SPAAAFPTA,HLA-B*56:01,HLA-B*56:01,9,melanoma,0.0326324892463998,-0.003,-0.0136666666666666,0.0106666666666666,0.1074074074074074,0.0,0.1074074074074074,0.8744444444444445,0.24,0.24,117.4811111111111,6.726666666666664,6.726666666666664,0.1888888888888888,0.0666666666666666,0.0,0.0,0.0,0.1336127744510978,0.3333333333333333,0.0,0.3333333333333333,1.0,0.1074074074074074,0.0,0.0,0.0,ott_2017,-1.0,-0.1563003089501555,0.07142857142857142,1.0,5.316482657702933,1.0,-0.09500246378150252,,,0.8744444444444445,117.4811111111111,0.0,0.1888888888888888,0.24,39.0,-2.0,9,1.415,0.9888888888888889,2.8,1.2888888888888888,892.0087999999998,5.525000190734862,73.08888888888889
ott_2,C14orf101a,p.R490Q,0,4.966837,0.387035823818466,0.6988764067093434,25.0,25.0,,0.396552,FPGNQWNPV,FPGNRWNPV,HLA-B*56:01,HLA-B*56:01,9,melanoma,-0.0251906866587987,-0.046,-0.05,0.004,0.1111111111111111,0.0,0.1111111111111111,-2.6,0.1999999999999997,0.1999999999999997,142.5,-5.920000000000016,5.920000000000016,0.2,0.0,0.0,-0.2,0.2,0.1576713240186295,1.0,0.0,1.0,1.0,0.1111111111111111,0.5,0.5,0.0,ott_2017,1.3979400086720377,-0.624196350581785,0.42857142857142855,0.7025007592340289,2.576966366384411,1.0,-0.5159443553793759,,,-2.6,142.5,0.0,0.2,0.1999999999999997,54.0,1.0,9,-1.7800000000000005,-0.8888888888888888,4.2,0.43333333333333335,1058.1461000000002,5.525000190734862,44.38888888888889
ott_2,C14orf101b,p.A59D,0,4.966837,0.387035823818466,0.5380107784205643,147.21,147.21,,0.388913,ITDAHELGV,ITAAHELGV,HLA-A*01:01,HLA-A*01:01,9,melanoma,1.5788750698756389,-0.0148333333333333,-0.0148333333333333,0.0,0.1055555555555555,0.0,0.1055555555555555,0.0749999999999999,0.0,0.0,122.95,0.0,0.0,0.0916666666666666,0.0,-0.0916666666666666,0.0,0.0,0.0,0.0,0.0,0.0,1.0,0.1055555555555555,0.5,0.5,0.0,ott_2017,2.167937312700578,-16.11204100094814,0.8571428571428571,0.5386356348944357,2.576966366384411,1.0,-0.5159443553793759,,,0.0749999999999999,122.95,-0.0916666666666666,0.0916666666666666,0.0,38.0,-2.0,9,-0.5700000000000001,0.33333333333333326,4.5,4.977777777777778,954.0353,4.353093910217285,-0.5444444444444447
ott_2,CCDC80,NeoORF,0,51.887627,0.859819240448094,0.4254415897792681,500.0,500.0,,0.409091,RPAARGSRV,,HLA-B*56:01,HLA-B*56:01,9,melanoma,,-0.0679999999999999,,,0.6666666666666666,,,-1.6800000000000002,,,116.9,,,0.0,,0.4,,,0.0,,,,,,0.5,,,ott_2017,2.6989700043360187,1.0,1.0,0.4256251898085073,5.724858339842426,1.0,0.066980303410727,,,-1.6800000000000002,116.9,0.4,0.0,,,,9,-0.8400000000000003,-0.9444444444444444,4.2,1.0777777777777777,969.1030000000003,11.999967765808105,63.655555555555566
ott_2,CDK13,p.G857R,0,35.257046,0.7780151616244585,0.7541950485506772,13.29,13.29,,0.428571,LADFRLARLY,LADFGLARLY,HLA-A*01:01,HLA-A*01:01,10,melanoma,-0.2750944739708805,-0.0033333333333333,0.0099999999999999,-0.0133333333333333,0.1,0.0,0.1,0.5333333333333332,-0.6833333333333333,0.6833333333333333,159.78333333333333,18.883333333333358,18.883333333333358,0.1666666666666666,0.0,0.3333333333333333,0.1666666666666666,0.1666666666666666,0.2723331115546685,1.0,0.0,0.8888888888888888,1.0,0.1,0.5,0.5,0.0,ott_2017,1.123524980942732,-0.464923812118615,0.35714285714285715,0.7608997333658252,5.180189482882963,1.0,-0.13963121687497507,,,0.5333333333333332,159.78333333333333,0.3333333333333333,0.1666666666666666,-0.6833333333333333,42.0,-2.0,10,0.19,0.3999999999999999,3.8,6.279999999999999,1237.4497000000001,8.745345878601075,-7.030000000000001
ott_2,DDX3X,p.E388K,1,277.135445,1.0,0.6366082315543555,50.0,50.0,,0.355556,FPKKIQMLA,FPKEIQMLA,HLA-B*56:01,HLA-B*56:01,9,melanoma,-0.0234279444066698,-0.028,-0.026,-0.002,0.1111111111111111,0.0,0.1111111111111111,0.5599999999999999,-0.0799999999999999,0.0799999999999999,161.74,6.0400000000000205,6.0400000000000205,0.0,0.0,0.2,0.4,0.4,0.2450565535595477,1.0,0.0,0.75,1.0,0.1111111111111111,0.0,0.0,0.0,ott_2017,1.6989700043360187,-1.0,0.6428571428571429,0.6384377847127609,8.119643800217084,1.0,2.865366849137369,,,0.5599999999999999,161.74,0.2,0.0,-0.0799999999999999,41.0,1.0,9,-0.4400000000000002,0.21111111111111108,4.5,4.544444444444444,1075.3672000000001,10.002737236022949,20.85555555555556
ott_2,ITGA9,p.L548P,1,21.777282,0.6772875430457937,0.6877065834354916,28.34,28.34,,0.340426,VTEKLQPTY,VTEKLQLTY,HLA-A*01:01,HLA-A*01:01,9,melanoma,-0.1348065518722525,-0.066,-0.042,-0.024,0.1111111111111111,0.0,0.1111111111111111,-1.1800000000000002,-1.08,1.08,141.57999999999998,-10.800000000000011,10.800000000000011,0.0,0.0,0.2,0.0,0.0,0.1846706586826348,1.0,0.0,0.5,1.0,0.1111111111111111,0.5,0.5,0.0,ott_2017,1.4523998459114416,-0.669729421083622,0.5,0.690911019953048,4.509523696232255,1.0,-0.3070982784967234,,,-1.1800000000000002,141.57999999999998,0.2,0.0,-1.08,37.0,-3.0,9,-1.155,-0.8,4.2,2.5444444444444443,1078.2156,5.97095890045166,69.04444444444445
ott_2,JPH1,p.T59I,0,2.807694,0.2897050579022704,0.6197272975484521,60.22,60.22,,0.403509,YTWPSGNIY,YTWPSGNTY,HLA-A*01:01,HLA-A*01:01,9,melanoma,0.0009032314042438,-0.038,-0.054,0.016,0.1111111111111111,0.0,0.1111111111111111,-0.3600000000000001,1.04,1.04,108.51999999999998,10.119999999999976,10.119999999999976,0.0,0.0,0.0,0.0,0.0,0.176154357950765,1.0,0.0,0.25,1.0,0.1111111111111111,0.5,0.5,0.0,ott_2017,1.7797407511767405,-1.192664863513316,0.7857142857142857,0.6212487524852324,1.928917543136171,1.0,-0.5427686628250527,,,-0.3600000000000001,108.51999999999998,0.0,0.0,1.04,52.0,-1.0,9,-0.9400000000000002,-0.6666666666666666,4.5,2.111111111111111,1100.1795,5.523579216003417,43.544444444444444
ott_2,PCDH1,p.S569F,0,8.46964,0.4871142332011184,0.6874863408959846,28.41,28.41,,0.442308,FLDREQRESY,SLDREQRESY,HLA-A*01:01,HLA-A*01:01,10,melanoma,0.064466646548571,-0.1266666666666666,-0.1266666666666666,0.0,0.1,0.0,0.1,-3.3833333333333333,0.0,0.0,142.73333333333332,0.0,0.0,0.0,0.0,0.0,0.0,0.0,0.0,0.0,0.0,0.0,1.0,0.1,1.0,1.0,0.0,ott_2017,1.4534712337229359,-0.6706919175585095,0.5714285714285714,0.6906830151327351,3.243309580911523,1.0,-0.4724269669555248,,,-3.3833333333333333,142.73333333333332,0.0,0.0,0.0,44.0,-2.0,10,-2.875,-1.85,3.8,1.9,1342.4132,4.679122352600097,39.980000000000004
ott_2,POLQ,p.S1719F,0,2.266819,0.2565083022760265,0.8343999192810431,5.0,5.0,,0.333333,NHDETSFLL,NHDETSSLL,HLA-B*38:01,HLA-B*38:01,9,melanoma,0.0283720643370291,-0.016,-0.048,0.032,0.1111111111111111,0.0,0.1111111111111111,0.3199999999999999,0.72,0.72,140.01999999999998,20.17999999999998,20.17999999999998,0.2,0.2,-0.2,0.0,0.0,0.4008383233532933,1.0,0.0,0.5,1.0,0.1111111111111111,0.5,0.5,0.0,ott_2017,0.6989700043360189,-0.3333333333333333,0.2857142857142857,0.8512503796170144,1.707886523635408,1.0,-0.5494882720819109,,,0.3199999999999999,140.01999999999998,-0.2,0.2,0.72,40.0,-2.0,9,-1.0250000000000001,-0.5333333333333333,3.8,4.222222222222222,1075.1288000000002,4.353093910217285,8.88888888888889
ott_2,PRRC2A,p.L528H,0,151.609132,1.0,0.9757514643456552,0.3,0.3,,0.4623195,HPAPPAPPPA,LPAPPAPPPA,HLA-B*56:01,HLA-B*56:01,10,melanoma,-0.0118703131037811,-0.0508333333333333,-0.0541666666666666,0.0033333333333333,0.1,0.0,0.1,-1.3250000000000002,-0.5833333333333335,0.5833333333333335,114.20000000000002,-1.125,1.125,0.0416666666666666,0.0416666666666666,-0.0416666666666666,0.0416666666666666,0.0416666666666666,0.1340513417609226,0.5,0.0,0.4444444444444444,1.0,0.1,0.0,0.0,0.0,ott_2017,-0.5228787452803376,-0.18369867174672172,0.14285714285714285,1.0,7.253697484168167,1.0,1.3058793985913606,,,-1.3250000000000002,114.20000000000002,-0.0416666666666666,0.0416666666666666,-0.5833333333333335,51.0,-3.0,10,-0.66,-0.7400000000000001,1.8,0.8699999999999999,951.0795,6.741127204895021,160.20000000000002
ott_3,ADAMTS7,p.T96I,0,2.918511,0.2959211421933162,0.5760167293420426,97.24,97.24,,0.442308,LRFNLIANQH,LRFNLTANQH,HLA-B*27:05,HLA-B*27:05,10,melanoma,-0.0442210601016639,-0.035,-0.0483333333333333,0.0133333333333333,0.1,0.0,0.1,-0.0666666666666667,0.8666666666666665,0.8666666666666665,132.33333333333334,8.433333333333323,8.433333333333323,0.0,0.0,0.0,0.0,0.0,0.1467952982923042,1.0,0.0,0.8888888888888888,1.0,0.1,0.0,0.0,0.0,ott_2017,1.987844950171298,-2.368264638122474,0.8571428571428571,0.5769615578867293,1.9703055469405648,1.0,-0.652899851795001,,,-0.0666666666666667,132.33333333333334,0.0,0.0,0.8666666666666665,47.0,-1.0,10,0.5499999999999997,-0.15,4.5,5.99,1225.3992000000003,9.756532478332517,20.720000000000002
ott_3,CASP1,p.P172S,1,100.741722,1.0,0.6150757235512878,63.38,63.38,,0.462963,WRNILLLSLH,WRNILLLPLH,HLA-B*27:05,HLA-B*27:05,10,melanoma,0.9150459498314856,0.0049999999999999,0.0033333333333333,0.0016666666666666,0.1,0.0,0.1,1.2250000000000003,0.0666666666666666,0.0666666666666666,142.76666666666665,-1.9750000000000083,1.9750000000000083,0.0833333333333333,0.0,0.0833333333333333,0.0,0.0,0.0192337547127966,0.5,0.0,0.2222222222222222,1.0,0.1,0.5,0.5,0.0,ott_2017,1.8019522348542818,-1.259389474311679,0.7857142857142857,0.6165218690071412,6.668767607210928,1.0,2.6222851498482482,,,1.2250000000000003,142.76666666666665,0.0833333333333333,0.0833333333333333,0.0666666666666666,49.0,-1.0,10,1.7149999999999994,0.6799999999999999,4.5,9.5,1264.5181,9.756532478332517,84.54
ott_3,CIT,p.P2056L,1,2.827014,0.2908016940743654,0.6186765112522975,60.92,60.92,,0.3569725,TLLSQVNKV,TPLSQVNKV,HLA-A*02:01,HLA-A*02:01,9,melanoma,1.2575778082843223,-0.0503333333333333,-0.0603333333333333,0.01,0.1055555555555555,0.0,0.1055555555555555,-0.4166666666666667,0.45,0.45,133.90833333333333,4.499999999999993,4.499999999999993,0.0,0.0,0.1,0.0,0.0,0.0769461077844311,0.5,0.5,0.3333333333333333,1.0,0.1055555555555555,1.0,0.55,0.4499999999999999,ott_2017,1.784759894664005,-1.207116843178738,0.7142857142857143,0.6201806155355107,1.9362191786896146,1.0,-0.6559632311201321,,,-0.4166666666666667,133.90833333333333,0.1,0.0,0.45,34.0,-3.0,9,0.18,0.39999999999999997,4.2,5.088888888888889,1001.1778000000002,8.410110282897953,38.78888888888889
ott_3,CRY1,p.S71F,0,39.586205,0.8024553675316757,0.6512457758966786,42.53,42.53,,0.4345239999999999,KLNFRLFVI,KLNSRLFVI,HLA-A*02:01,HLA-A*02:01,9,melanoma,-0.314091139981963,0.0327777777777777,0.0043333333333333,0.0284444444444444,0.1037037037037037,0.0,0.1037037037037037,1.6733333333333331,0.6399999999999999,0.6399999999999999,168.4711111111111,17.937777777777757,17.937777777777757,0.3555555555555555,0.1777777777777777,0.1777777777777777,0.0,0.0,0.356300731869594,1.0,0.0,0.7685185185185185,1.0,0.1037037037037037,0.9,0.9,0.0,ott_2017,1.6286953827140234,-0.8767705611340063,0.5714285714285714,0.6533931092960523,5.342917542495214,1.0,0.5747584943785279,,,1.6733333333333331,168.4711111111111,0.1777777777777777,0.3555555555555555,0.6399999999999999,36.0,-2.0,9,0.7799999999999999,1.1111111111111112,4.5,6.766666666666667,1149.4273,11.000836753845213,-17.244444444444444
ott_3,DNASE1L1,p.P140S,0,13.577112,0.5805812909156765,0.7006348503852784,24.51,24.51,,0.358414,VLSSLVLVPL,VLPSLVLVPL,HLA-A*02:01,HLA-A*02:01,10,melanoma,-0.0142156506748244,-0.0004444444444444,-0.0028888888888888,0.0024444444444444,0.1037037037037037,0.0,0.1037037037037037,1.5522222222222222,0.0977777777777779,0.0977777777777779,126.9211111111111,-2.896666666666661,2.896666666666661,0.0,0.0,0.0,0.0,0.0,0.0282095069121017,0.6666666666666666,0.0,0.3981481481481481,1.0,0.1037037037037037,0.95,0.95,0.0,ott_2017,1.3893433112520779,-0.6175685711342533,0.14285714285714285,0.7043302447195772,3.8656330178456173,1.0,-0.29604292819943695,,,1.5522222222222222,126.9211111111111,0.0,0.0,0.0977777777777779,38.0,-1.0,10,2.4999999999999996,2.46,4.2,8.77,1039.3085,5.494989204406737,47.52
ott_3,ENDOV,p.E257K,0,5.005657,0.3884409630975792,0.5608495687708626,114.76,114.76,,0.490566,RTAPRPGSQK,RTAPRPGSQE,HLA-A*03:01,HLA-A*03:01,10,melanoma,2.6254957242814854,-0.0699999999999999,-0.0699999999999999,0.0,0.1,0.0,0.1,-2.066666666666667,0.0,0.0,115.28333333333336,0.0,0.0,0.0,0.0,0.1666666666666666,0.0,0.0,0.0,0.0,1.0,0.0,1.0,0.1,0.0,0.0,0.0,ott_2017,2.0597905395739606,-3.5924839979432486,1.0,0.5616506303140327,2.586322080867468,1.0,-0.5830208404074101,,,-2.066666666666667,115.28333333333336,0.1666666666666666,0.0,0.0,49.0,1.0,10,-1.745,-1.97,1.8,0.29,1097.2289999999998,11.999967765808105,59.24000000000001
ott_3,FAM190A,p.V195A,0,0.539044,0.0934236587903146,0.6882753431676725,28.16,28.16,,0.309524,ALQSQSISLV,VLQSQSISLV,HLA-A*02:01,HLA-A*02:01,10,melanoma,-0.0055491777003953,-0.0261666666666666,-0.0261666666666666,0.0,0.1055555555555555,0.0,0.1055555555555555,0.06,0.0,0.0,119.76666666666668,0.0,0.0,0.0,0.0,0.0,0.0,0.0,0.0,0.0,0.0,0.0,1.0,0.1055555555555555,1.0,1.0,0.0,ott_2017,1.4496326504700745,-0.6672562063273968,0.2857142857142857,0.6914999139955326,0.6220344777183586,0.0,-0.7325659612044033,,,0.06,119.76666666666668,0.0,0.0,0.0,38.0,0.0,10,0.15999999999999986,0.8699999999999999,4.5,6.38,1045.1872999999998,5.57001667022705,148.74
ott_3,GTF3C2,p.D811N,0,61.303131,0.895320429070938,0.651778107542305,42.28,42.28,,0.393617,YLLFQNTDL,YLLFQDTDL,HLA-A*02:01,HLA-A*02:01,9,melanoma,0.1955577633635694,-0.06,-0.078,0.0179999999999999,0.1111111111111111,0.0,0.1111111111111111,-1.6800000000000002,0.0,0.0,135.00000000000003,0.5999999999999943,0.5999999999999943,0.2,0.0,-0.2,0.2,0.2,0.1035928143712574,1.0,0.0,0.75,1.0,0.1111111111111111,0.95,0.95,0.0,ott_2017,1.6261349786353887,-0.8728516546076314,0.5,0.6539379955320299,5.961232761582383,1.0,1.3018553621862745,,,-1.6800000000000002,135.00000000000003,-0.2,0.2,0.0,42.0,1.0,9,-0.3900000000000002,0.1888888888888889,3.8,6.333333333333333,1126.2582,4.0500284194946286,-0.5444444444444447
ott_3,KCNC3,p.P715L,0,0.281484,0.0537404777340656,0.5665975121885483,107.78,107.78,,0.3733765,ALSPDGSIRK,APSPDGSIRK,HLA-A*03:01,HLA-A*03:01,10,melanoma,0.787592913357794,-0.0423333333333333,-0.0543333333333333,0.0119999999999999,0.1055555555555555,0.0,0.1055555555555555,-0.515,0.54,0.54,127.02666666666664,5.399999999999984,5.399999999999984,0.1,0.0,-0.1,0.0,0.0,0.0923353293413172,0.5,0.5,0.125,1.0,0.1055555555555555,0.55,0.55,0.5,ott_2017,2.0325381792600066,-3.004233113298143,0.9285714285714286,0.5674502758297111,0.3578154659375233,0.0,-0.7411892382405992,,,-0.515,127.02666666666664,-0.1,0.1,0.54,42.0,-3.0,10,-0.7150000000000001,-0.54,4.5,4.09,1043.1749,8.792665672302245,45.4
ott_3,PRKCG,p.E525K,0,0.890537,0.1379944279624444,0.6363548685001925,50.14,50.14,,0.416667,KIIAYQPYGK,EIIAYQPYGK,HLA-A*03:01,HLA-A*03:01,10,melanoma,0.941894548135506,-0.0066666666666666,-0.0066666666666666,0.0,0.1,0.0,0.1,-1.05,0.0,0.0,132.0666666666667,0.0,0.0,0.3333333333333333,0.0,0.0,0.0,0.0,0.0,0.0,0.0,0.0,1.0,0.1,0.5,0.5,0.0,ott_2017,1.7001843296221977,-1.0024345632758511,0.6428571428571429,0.6381793609975512,0.9187960848153129,0.0,-0.7207977459719,,,-1.05,132.0666666666667,0.0,0.3333333333333333,0.0,50.0,1.0,10,-0.5550000000000002,-0.51,4.5,4.09,1180.3951000000002,9.528249931335449,2.7900000000000027
ott_3,TBC1D14,p.S42F,0,38.976983,0.7991782338151875,0.6746005309675912,32.81,32.81,,0.390909,LLFAPEYGPK,LLSAPEYGPK,HLA-A*03:01,HLA-A*03:01,10,melanoma,0.1809972776535795,-0.0466666666666666,-0.0466666666666666,0.0,0.1,0.0,0.1,-1.1,0.0,0.0,117.68333333333337,0.0,0.0,0.1666666666666666,0.0,-0.1666666666666666,0.0,0.0,0.0,0.0,0.0,0.0,1.0,0.1,0.5,0.5,0.0,ott_2017,1.5160062303860478,-0.7321032521362201,0.42857142857142855,0.6773747802205294,5.32109769315358,1.0,0.5543613438794391,,,-1.1,117.68333333333337,-0.1666666666666666,0.1666666666666666,0.0,47.0,-2.0,10,-0.3450000000000001,-0.010000000000000054,3.8,4.09,1134.3234,6.000685691833495,37.15
ott_3,TLR3,p.R489K,0,5.12719,0.3927819949511875,0.686641716486802,28.68,28.68,,0.4006945,RLMLRKVALK,RLMLRRVALK,HLA-A*03:01,HLA-A*03:01,10,melanoma,0.0944081836315428,-0.0413333333333333,-0.0273333333333333,-0.014,0.1027777777777777,0.0,0.1027777777777777,0.2825,0.105,0.105,154.19416666666666,-0.8400000000000034,0.8400000000000034,0.0,0.0,0.3916666666666666,0.0,0.0,0.0166966067864271,1.0,0.0,0.6319444444444444,1.0,0.1027777777777777,1.0,1.0,0.0,ott_2017,1.4575791469957624,-0.6744081007334682,0.35714285714285715,0.6898087994495032,2.615225589002154,1.0,-0.5789518361829965,,,0.2825,154.19416666666666,0.3916666666666666,0.0,0.105,42.0,2.0,10,0.27000000000000013,0.24999999999999986,4.2,6.38,1227.609,11.999967765808105,11.280000000000003
ott_3,VPS16,p.S404F,1,36.881418,0.7875115478256024,0.6923246663104305,26.91,26.91,,0.4505679999999999,SLLRAAFFGK,SLLRAASFGK,HLA-A*03:01,HLA-A*03:01,10,melanoma,0.0824670451870231,0.0083333333333333,-0.0183333333333333,0.0266666666666666,0.1,0.0,0.1,0.8249999999999998,0.5999999999999999,0.5999999999999999,133.00833333333333,16.81666666666667,16.81666666666667,0.3333333333333333,0.1666666666666666,0.1666666666666666,0.0,0.0,0.3340319361277445,1.0,0.0,0.7777777777777778,1.0,0.1,0.5,0.5,0.0,ott_2017,1.4299136977637545,-0.650147454389307,0.21428571428571427,0.6956963554897588,5.243418430532065,1.0,0.4842004588726228,,,0.8249999999999998,133.00833333333333,0.1666666666666666,0.3333333333333333,0.5999999999999999,40.0,-2.0,10,0.8800000000000001,0.72,3.8,4.38,1109.3205000000003,11.000192070007323,19.770000000000003
ott_3,ZNF234,p.H282Y,0,5.214484,0.3958472351717978,0.7246626458139735,18.67,18.67,,0.4,RIYTGEKPFK,RIHTGEKPFK,HLA-A*03:01,HLA-A*03:01,10,melanoma,0.1726938449427799,-0.0666666666666666,-0.0666666666666666,0.0,0.1,0.0,0.1,-1.2166666666666666,0.0,0.0,130.96666666666667,0.0,0.0,0.1666666666666666,0.0,0.0,0.0,0.0,0.0,0.0,0.0,0.0,1.0,0.1,0.5,0.5,0.0,ott_2017,1.2711443179490785,-0.5388943282515247,0.07142857142857142,0.729484479199459,2.6356346066364145,1.0,-0.5760291760432322,,,-1.2166666666666666,130.96666666666667,0.0,0.1666666666666666,0.0,50.0,2.0,10,-1.62,-1.2500000000000002,4.5,1.9,1238.4346,9.699800300598145,-18.83
ott_4,ABCB5,p.M632I,0,5.341067,0.4002164286021745,0.7859028479723537,9.14,9.14,,0.304348,DEQIESMTY,DEQMESMTY,HLA-B*18:01,HLA-B*18:01,9,melanoma,0.0072793465975939,-0.032,-0.032,0.0,0.1111111111111111,0.0,0.1111111111111111,0.2799999999999999,0.52,0.52,134.62,0.7599999999999909,0.7599999999999909,0.0,0.0,-0.2,0.0,0.0,0.0623286759813705,1.0,0.0,0.75,1.0,0.1111111111111111,0.5,0.5,0.0,ott_2017,0.9609461957338314,-0.4038694543076145,0.5882352941176471,0.7954985465225125,2.664725620504912,1.0,-0.16365078967703534,,,0.2799999999999999,134.62,-0.2,0.0,0.52,43.0,1.0,9,-0.5700000000000001,-1.1555555555555557,4.5,2.111111111111111,1115.1679,4.0500284194946286,97.31111111111113
ott_4,ARHGAP29,p.G670E,0,1.910206,0.231461749516135,0.6531116741316267,41.66,41.66,,0.363636,FEAEFTQVA,FGAEFTQVA,HLA-B*18:01,HLA-B*18:01,9,melanoma,2.3448082540256983,-0.036,-0.036,0.0,0.1111111111111111,0.0,0.1111111111111111,-0.14,0.0,0.0,145.64,0.0,0.0,0.2,0.0,-0.2,0.0,0.0,0.0,0.0,1.0,0.0,1.0,0.1111111111111111,0.0,0.0,0.0,ott_2017,1.619719265611727,-0.863184052386659,0.8823529411764706,0.6553033400687565,1.5411212784461503,1.0,-0.4946308958401911,,,-0.14,145.64,-0.2,0.2,0.0,37.0,-2.0,9,-0.18500000000000005,0.24444444444444435,4.2,1.0777777777777777,1041.1108,4.0500284194946286,-7.866666666666667
ott_4,ATF7IP,p.P1205L,0,4.934139,0.3858451668662845,0.741128889682128,15.46,15.46,,0.4195763333333333,HLYAYHEEL,HLYAYHEEP,HLA-A*02:01,HLA-A*02:01,9,melanoma,1.2662672671101916,-0.0321111111111111,-0.0321111111111111,0.0,0.1074074074074074,0.0,0.1074074074074074,-0.3366666666666666,0.0,0.0,119.20666666666666,0.0,0.0,0.0999999999999999,0.0,-0.0999999999999999,0.0,0.0,0.0,0.0,0.3333333333333333,0.0,1.0,0.1074074074074074,0.95,0.55,0.3999999999999999,ott_2017,1.1892094895823062,-0.495166916010727,0.7058823529411765,0.7469212426372265,2.5690387205933782,1.0,-0.20290772041271962,,,-0.3366666666666666,119.20666666666666,-0.0999999999999999,0.0999999999999999,0.0,45.0,-3.0,9,-0.9750000000000003,-0.7333333333333334,3.8,4.544444444444444,1174.2614,5.228186988830565,85.13333333333334
ott_4,CCDC66,NeoORF,0,1.704159,0.2155503750328878,0.5226699800685348,173.97,173.97,,0.421569,MTFSSTKDYV,,HLA-A*02:01,HLA-A*02:01,10,melanoma,,-0.0683333333333333,,,0.7,,,-1.8333333333333333,,,127.90000000000002,,,0.1666666666666666,,0.0,,,0.0,,,,,,0.55,,,ott_2017,2.240474363467878,12.046927370002333,1.0,0.5231988368939451,1.4351799821554299,1.0,-0.5145085469413578,,,-1.8333333333333333,127.90000000000002,0.0,0.1666666666666666,,,,10,-0.7949999999999999,-0.2800000000000001,4.2,0.39,1178.3113999999998,5.587238883972168,37.72
ott_4,DHX40a,NeoORF,0,6.352114,0.4322721115598019,0.8343845167037544,5.001,5.001,,0.470588,RRWSALVIGL,,HLA-B*27:02,HLA-B*27:02,10,melanoma,,0.005,,,0.7,,,2.183333333333333,,,118.51666666666668,,,0.0,,0.0,,,0.0,,,,,,0.5,,,ott_2017,0.6990568545476677,-0.33335263449790664,0.47058823529411764,0.8512318967981054,2.878159136860838,1.0,-0.06611362819018396,,,2.183333333333333,118.51666666666668,0.0,0.0,,,,10,1.43,0.7,4.5,6.38,1170.4069000000002,11.999967765808105,123.56
ott_4,DHX40a,p.S754fs,1,,,0.9895258042405108,0.12,0.12,,0.4375223333333333,KRRWSALVI,,HLA-B*27:02,HLA-B*27:02,9,melanoma,,-0.0058888888888888,,,0.6444444444444444,,,0.728888888888889,,,142.02888888888887,,,0.1222222222222222,,0.1666666666666666,,,0.0,,,,,,0.5,,,ott_2017,-0.9208187539523752,-0.16026726125980223,0.058823529411764705,1.0,,0.0,,,,0.728888888888889,142.02888888888887,0.1666666666666666,0.1222222222222222,,,,9,-0.03499999999999984,-0.03333333333333341,4.5,4.977777777777778,1128.3703000000003,11.999967765808105,172.4
ott_4,DHX40b,NeoORF,1,6.352114,0.4322721115598019,0.8164010553764628,6.29,6.29,,0.302326,ILMHGLVSL,,HLA-A*02:01,HLA-A*02:01,9,melanoma,,0.0199999999999999,,,0.5555555555555556,,,0.7200000000000001,,,121.8,,,0.1,,0.1,,,0.0,,,,,,0.95,,,ott_2017,0.798650645445269,-0.3570614066180378,0.5294117647058824,0.8300370837208353,2.878159136860838,1.0,-0.06611362819018396,,,0.7200000000000001,121.8,0.1,0.1,,,,9,1.2149999999999999,1.9555555555555557,4.5,8.877777777777778,982.2406000000001,6.741127204895021,82.41111111111111
ott_4,DHX40b,p.S754fs,0,6.352114,0.4322721115598019,0.9625256314898334,0.5,0.5,,0.437447,RRNDDKSILM,,HLA-B*27:02,HLA-B*27:02,10,melanoma,,-0.03,,,0.6499999999999999,,,0.1749999999999998,,,132.09166666666667,,,0.0416666666666666,,-0.0416666666666666,,,0.0,,,,,,0.8500000000000001,,,ott_2017,-0.3010299956639812,-0.2,0.11764705882352941,1.0,2.878159136860838,1.0,-0.06611362819018396,,,0.1749999999999998,132.09166666666667,-0.0416666666666666,0.0416666666666666,,,,10,-1.82,-1.4,4.5,3.8,1247.4249,8.745410346984862,89.39000000000001
ott_4,DHX40c,NeoORF,0,6.352114,0.4322721115598019,0.546086098732252,134.81,134.81,,0.411765,KQAKVVNPPI,,HLA-A*02:01,HLA-A*02:01,10,melanoma,,-0.0633333333333333,,,0.7,,,-0.3666666666666667,,,131.35000000000002,,,0.0,,0.1666666666666666,,,0.0,,,,,,0.45,,,ott_2017,2.1297221086958777,-7.220436020154878,0.9411764705882353,0.5467683116234714,2.878159136860838,1.0,-0.06611362819018396,,,-0.3666666666666667,131.35000000000002,0.1666666666666666,0.0,,,,10,-0.054999999999999966,-0.3299999999999999,4.5,2.9699999999999998,1093.3196,10.002737236022949,40.53
ott_4,DHX40c,p.S754fs,0,,,0.9359371438956048,1.0,1.0,,0.411765,KQAKVVNPPI,,HLA-B*27:02,HLA-B*27:02,10,melanoma,,-0.0633333333333333,,,0.7,,,-0.3666666666666667,,,131.35000000000002,,,0.0,,0.1666666666666666,,,0.0,,,,,,0.5,,,ott_2017,0.0,-0.22737918162325071,0.23529411764705882,1.0,,0.0,,,,-0.3666666666666667,131.35000000000002,0.1666666666666666,0.0,,,,10,-0.054999999999999966,-0.3299999999999999,4.5,2.9699999999999998,1093.3196,10.002737236022949,40.53
ott_4,HLA-DQA1,p.P113S,0,43.36761,0.821757456793675,0.687235276117333,28.49,28.49,,0.302326,NEVSEVTVF,NEVPEVTVF,HLA-B*18:01,HLA-B*18:01,9,melanoma,-0.0317684877754937,-0.044,-0.048,0.0039999999999999,0.1111111111111111,0.0,0.1111111111111111,0.68,0.1599999999999999,0.1599999999999999,124.7,-4.739999999999995,4.739999999999995,0.0,0.0,-0.2,0.0,0.0,0.0461610113107118,1.0,0.0,0.75,1.0,0.1111111111111111,0.5,0.5,0.0,ott_2017,1.4546924492394768,-0.6717923932761131,0.8235294117647058,0.6904231250897227,5.471434934860558,1.0,3.5048246277641875,,,0.68,124.7,-0.2,0.0,0.1599999999999999,38.0,-1.0,9,0.33000000000000007,0.3777777777777778,4.2,1.2999999999999998,1023.0939000000001,4.0500284194946286,20.85555555555556
ott_4,IDH2,p.R188W,0,4.963525,0.3869155188213792,0.7437427993151253,15.001,15.001,,0.394231,FVADWAGTF,FVADRAGTF,HLA-A*25:01,HLA-A*25:01,9,melanoma,-0.0493265903883961,-0.03,-0.08,0.05,0.1111111111111111,0.0,0.1111111111111111,-0.74,0.7200000000000002,0.7200000000000002,120.74,10.879999999999995,10.879999999999995,0.2,0.2,-0.2,-0.2,0.2,0.4451497005988024,1.0,0.0,1.0,1.0,0.1111111111111111,1.0,1.0,0.0,ott_2017,1.1761202110560856,-0.4888303280549817,0.6470588235294118,0.7497068059658161,2.5761653502713755,1.0,-0.20007281063359703,,,-0.74,120.74,-0.2,0.2,0.7200000000000002,38.0,-3.0,9,0.07499999999999993,0.8777777777777778,4.2,1.0777777777777777,1013.1022,4.0500284194946286,-12.966666666666665
ott_4,MGA,p.N2653D,0,4.042615,0.3505704327394853,0.8790797401870721,2.7,2.7,,0.394501,FMMPRIVDV,FMMPRIVNV,HLA-A*02:01,HLA-A*02:01,9,melanoma,0.0080538460305592,-0.0533333333333333,-0.0368333333333333,-0.0164999999999999,0.1055555555555555,0.0,0.1055555555555555,0.1850000000000001,0.0,0.0,140.715,-0.5499999999999972,0.5499999999999972,0.0,0.0,0.0,-0.1833333333333333,0.1833333333333333,0.0949600798403193,1.0,0.0,0.3472222222222222,1.0,0.1055555555555555,0.95,0.95,0.0,ott_2017,0.43136376415898736,-0.2828684288588636,0.4117647058823529,0.9082003580016594,2.334172080779307,1.0,-0.28891432580040555,,,0.1850000000000001,140.715,0.0,0.0,0.0,41.0,1.0,9,0.5599999999999998,1.0999999999999999,4.5,2.977777777777778,1107.389,5.83636417388916,19.999999999999993
ott_4,MKNK1,p.P265S,0,2.361857,0.2627219582785369,0.8927871956273332,2.19,2.19,,0.3511905,YMASEVVEV,YMAPEVVEV,HLA-A*02:01,HLA-A*02:01,9,melanoma,-0.0926112925720213,-0.068,-0.0716666666666666,0.0036666666666666,0.1055555555555555,0.0,0.1055555555555555,0.4600000000000001,0.1466666666666666,0.1466666666666666,130.06333333333333,-4.344999999999999,4.344999999999999,0.0,0.0,-0.3666666666666667,0.0,0.0,0.0423142603681525,1.0,0.0,0.7083333333333334,1.0,0.1055555555555555,0.95,0.95,0.0,ott_2017,0.34044411484011833,-0.26903041965996943,0.35294117647058826,0.9275492045009928,1.7492583593811923,1.0,-0.45105947282751424,,,0.4600000000000001,130.06333333333333,-0.3666666666666667,0.0,0.1466666666666666,37.0,-1.0,9,0.645,0.8,4.2,1.6222222222222222,1026.1607000000001,4.0500284194946286,92.82222222222224
ott_4,PATL1,p.F288Y,0,9.83681,0.5163350910477801,0.9359371438956048,1.0,1.0,,0.3573006666666666,SQFARVPGYV,SQFARVPGFV,HLA-A*02:01,HLA-A*02:01,10,melanoma,-0.0085035595197069,-0.0272222222222222,-0.0255555555555555,-0.0016666666666666,0.1074074074074074,0.0,0.1074074074074074,0.1999999999999999,-0.2277777777777777,0.2277777777777777,117.38222222222224,0.2055555555555628,0.2055555555555628,0.0555555555555555,0.0,0.1222222222222222,0.0,0.0,0.0265395135654617,0.3333333333333333,0.3333333333333333,0.074074074074074,1.0,0.1074074074074074,1.0,1.0,0.0,ott_2017,0.0,-0.22737918162325071,0.23529411764705882,1.0,3.4378682321620224,1.0,0.2700600180246654,,,0.1999999999999999,117.38222222222224,0.1222222222222222,0.0555555555555555,-0.2277777777777777,48.0,3.0,10,0.15500000000000005,0.09000000000000004,4.2,1.0699999999999998,1123.2609,8.462780952453613,31.490000000000002
ott_4,RPTOR,p.S755F,0,1.495507,0.198151253393181,0.9359371438956048,1.0,1.0,,0.3972219999999999,EESGGAVAFF,EESGGAVAFS,HLA-B*18:01,HLA-B*18:01,10,melanoma,2.4498325943225905,0.0076666666666666,0.0076666666666666,0.0,0.1055555555555555,0.0,0.1055555555555555,1.836666666666667,0.0,0.0,108.995,0.0,0.0,0.1833333333333333,0.0,0.0,0.0,0.0,0.0,0.0,1.0,0.0,1.0,0.1055555555555555,0.5,0.0,0.5,ott_2017,0.0,-0.22737918162325071,0.23529411764705882,1.0,1.3193329506641385,1.0,-0.5346375061475613,,,1.836666666666667,108.995,0.0,0.1833333333333333,0.0,42.0,-2.0,10,0.81,0.4800000000000001,4.2,0.97,1013.0576000000001,4.0500284194946286,64.71000000000001
ott_4,TNR,p.R1007W,0,0.195531,0.0386968092168622,0.7318922297504034,17.19,17.19,,0.41284,WLVDLLPST,RLVDLLPST,HLA-A*02:01,HLA-A*02:01,9,melanoma,-0.1109514392846857,0.0017777777777777,-0.0287777777777777,0.0305555555555555,0.1074074074074074,0.0,0.1074074074074074,1.228888888888889,0.4399999999999999,0.4399999999999999,151.6222222222222,6.648888888888867,6.648888888888867,0.1222222222222222,0.1222222222222222,-0.1888888888888888,-0.1222222222222222,0.1222222222222222,0.2720359281437124,0.6666666666666666,0.0,0.4722222222222222,1.0,0.1074074074074074,0.55,0.55,0.0,ott_2017,1.2352758766870524,-0.5188368234844419,0.7647058823529411,0.7371177352596016,0.25765153947356756,0.0,-0.6600480647477363,,,1.228888888888889,151.6222222222222,-0.1888888888888888,0.1222222222222222,0.4399999999999999,35.0,-3.0,9,1.1500000000000001,0.8999999999999999,4.2,6.766666666666667,1043.2128000000002,4.0500284194946286,48.7
ott_5,ADCK3,p.L145R,0,9.649764,0.5125625048475537,0.5568878020548839,119.83,119.83,,0.408163,RFANPRDSF,LFANPRDSF,HLA-A*23:01,HLA-A*23:01,9,melanoma,-0.000403679935172,-0.102,-0.102,0.0,0.1111111111111111,0.0,0.1111111111111111,-2.78,0.0,0.0,120.06000000000002,0.0,0.0,0.0,0.0,0.0,0.0,0.0,0.0,0.0,0.0,0.0,1.0,0.1111111111111111,1.0,1.0,0.0,ott_2017,2.0785655593171173,-4.152670608809404,0.9473684210526315,0.5576550696431131,3.412749555404005,1.0,-0.13292848402573362,,,-2.78,120.06000000000002,0.0,0.0,0.0,42.0,-2.0,9,-2.075,-1.2222222222222223,2.8,0.3222222222222222,1109.1947,9.598713874816895,18.711111111111116
ott_5,CASC1,p.H265Y,0,0.352279,0.0653918605541816,0.5577407676843991,118.72,118.72,,0.4047449999999999,YDYVSALHPV,YDHVSALHPV,HLA-B*41:02,HLA-B*41:02,10,melanoma,0.2889197065192674,0.0032222222222222,0.0037777777777777,-0.0005555555555555,0.1037037037037037,0.0,0.1037037037037037,0.1833333333333332,0.1055555555555555,0.1055555555555555,127.68555555555557,2.24444444444444,2.24444444444444,0.1722222222222222,0.0277777777777777,0.0055555555555555,-0.0277777777777777,0.0277777777777777,0.0668348488208767,0.3333333333333333,0.3333333333333333,0.2962962962962963,1.0,0.1037037037037037,1.0,0.5,0.5,ott_2017,2.074523887934952,-4.017803162202285,0.8947368421052632,0.5585151882177019,0.4353928368203567,0.0,-0.5600054101925351,,,0.1833333333333332,127.68555555555557,0.0055555555555555,0.1722222222222222,0.1055555555555555,50.0,2.0,10,0.7899999999999998,0.23000000000000004,4.2,2.9699999999999998,1163.2784,5.076654243469237,49.06
ott_5,CLEC2B,p.E77K,0,1.696889,0.2149670594406747,0.5768578478492061,96.35,96.35,,0.272727,TIIDNIKEM,TIIDNIEEM,HLA-A*66:01,HLA-A*66:01,9,melanoma,-0.0158921281520743,-0.126,-0.124,-0.002,0.1111111111111111,0.0,0.1111111111111111,-1.98,-0.08,0.08,139.78,6.0400000000000205,6.0400000000000205,0.0,0.0,-0.2,0.3999999999999999,0.3999999999999999,0.2450565535595477,1.0,0.0,0.5,1.0,0.1111111111111111,1.0,1.0,0.0,ott_2017,1.9838517189914717,-2.3243026467934533,0.7894736842105263,0.5778113677761607,1.431296143581288,1.0,-0.4982411905467768,,,-1.98,139.78,-0.2,0.0,-0.08,40.0,1.0,9,-0.3300000000000002,0.033333333333333263,4.5,6.333333333333333,1076.2643,4.368156242370605,48.27777777777778
ott_5,COL22A1,p.D291N,1,10.679406,0.5325596831054581,0.8361100686829559,4.89,4.89,,0.403948,FPQGLPNEY,FPQGLPDEY,HLA-B*35:01,HLA-B*35:01,9,melanoma,0.2172822375407854,-0.0215333333333333,-0.0287333333333333,0.0071999999999999,0.1088888888888888,0.0,0.1088888888888888,0.034,0.0,0.0,134.51066666666668,0.2400000000000005,0.2400000000000005,0.2266666666666666,0.0,-0.1533333333333333,0.08,0.08,0.041437125748503,0.4,0.0,0.3,1.0,0.1088888888888888,0.5,0.5,0.0,ott_2017,0.6893088591236202,-0.3312001514946943,0.10526315789473684,0.8533063929994118,3.5458949973034177,1.0,-0.08563221622726572,,,0.034,134.51066666666668,-0.1533333333333333,0.2266666666666666,0.0,48.0,1.0,9,-0.5200000000000002,-0.9777777777777779,3.8,2.111111111111111,1064.1473999999998,4.0500284194946286,73.08888888888889
ott_5,FAM200A,p.S116F,1,1.147584,0.1656172328701667,0.6983093916498788,25.16,25.16,,0.358696,IPLSDNTIF,IPLSDNTIS,HLA-B*35:01,HLA-B*35:01,9,melanoma,1.8499223158747415,-0.062,-0.062,0.0,0.1111111111111111,0.0,0.1111111111111111,-0.8,0.0,0.0,119.4,0.0,0.0,0.0,0.0,-0.2,0.0,0.0,0.0,0.0,1.0,0.0,1.0,0.1111111111111111,0.5,0.0,0.5,ott_2017,1.4007106367732314,-0.6263628343336319,0.42105263157894735,0.7019111346782991,1.102714561637722,1.0,-0.5234733356836665,,,-0.8,119.4,-0.2,0.0,0.0,38.0,-2.0,9,-0.7400000000000002,0.6111111111111112,4.5,6.333333333333333,1019.1483000000001,4.0500284194946286,-3.744444444444445
ott_5,FIGN,p.R520Q,0,1.451816,0.1943240639551163,0.5846695585293258,88.46,88.46,,0.378926,ALPQSILLF,ALPRSILLF,HLA-A*23:01,HLA-A*23:01,9,melanoma,0.1942073637011575,-0.0013333333333333,-0.0048888888888888,0.0035555555555555,0.1037037037037037,0.0,0.1037037037037037,1.208888888888889,0.1777777777777779,0.1777777777777779,142.81555555555556,-5.262222222222202,5.262222222222202,0.0,0.0,0.0,-0.1777777777777777,0.1777777777777777,0.1401522880165593,1.0,0.0,0.8425925925925926,1.0,0.1037037037037037,1.0,1.0,0.0,ott_2017,1.9467469350335849,-1.9823721968923607,0.7368421052631579,0.5857077331336004,1.2938507140009494,1.0,-0.5094985384775857,,,1.208888888888889,142.81555555555556,0.0,0.0,0.1777777777777779,38.0,1.0,9,0.87,1.6222222222222225,4.5,8.766666666666667,1001.2191,5.57001667022705,121.91111111111113
ott_5,GRIN2B,p.E1104K,1,3.520059,0.3268657971880608,0.604852583679525,70.91,70.91,,0.3600715,REFDKIELA,REFDEIELA,HLA-B*41:02,HLA-B*41:02,9,melanoma,0.0067446450335629,-0.0878333333333333,-0.086,-0.0018333333333333,0.1055555555555555,0.0,0.1055555555555555,-0.3266666666666667,-0.0733333333333333,0.0733333333333333,145.15833333333336,5.53666666666669,5.53666666666669,0.0,0.0,-0.1833333333333333,0.3666666666666667,0.3666666666666667,0.2246351740962521,1.0,0.0,0.9444444444444444,1.0,0.1055555555555555,0.5,0.5,0.0,ott_2017,1.8507074853745373,-1.435698568686058,0.631578947368421,0.6061461376287187,2.1763416041563666,1.0,-0.4144944741520177,,,-0.3266666666666667,145.15833333333336,-0.1833333333333333,0.0,-0.0733333333333333,40.0,1.0,9,-0.7700000000000001,-0.6666666666666665,4.5,4.544444444444444,1120.2556,4.679122352600097,52.55555555555556
ott_5,MAP4K4,p.S639L,0,84.579862,0.9641026669237296,0.6628831337916408,37.38,37.38,,0.413043,SPVLRSHSF,SPVSRSHSF,HLA-B*35:01,HLA-B*35:01,9,melanoma,-0.0527471007445208,-0.008,-0.028,0.02,0.1111111111111111,0.0,0.1111111111111111,-1.1,0.9200000000000004,0.9200000000000004,134.26,15.540000000000006,15.540000000000006,0.1,0.0,0.3,0.0,0.0,0.1952761144377911,1.0,0.0,0.75,1.0,0.1111111111111111,0.5,0.5,0.0,ott_2017,1.5726392970428134,-0.7983003135210072,0.5263157894736842,0.6653225503479177,6.419199447463205,1.0,3.3089610088013273,,,-1.1,134.26,0.3,0.1,0.9200000000000004,40.0,-2.0,9,-0.2200000000000001,-0.10000000000000014,4.2,2.5444444444444443,1029.1498000000001,9.48827953338623,149.33333333333334
ott_5,MED24,p.V981M,0,8.656134,0.4913400100400616,0.8169095747600462,6.25,6.25,,0.405,MPFTTVSELM,MPFTTVSELV,HLA-B*35:01,HLA-B*35:01,10,melanoma,0.3298712546308994,-0.0365,-0.0395,0.0029999999999999,0.1055555555555555,0.0,0.1055555555555555,0.5116666666666667,-0.23,0.23,128.76833333333332,2.289999999999992,2.289999999999992,0.0,0.0,0.0166666666666666,0.0,0.0,0.0392681304058549,0.5,0.5,0.375,1.0,0.1055555555555555,0.5,0.5,0.0,ott_2017,0.7958800173440752,-0.35635633112309495,0.15789473684210525,0.830626708276565,3.271445696784121,1.0,-0.1785705524073571,,,0.5116666666666667,128.76833333333332,0.0166666666666666,0.0,-0.23,46.0,1.0,10,0.5299999999999999,0.7299999999999999,4.2,2.29,1155.384,4.0500284194946286,91.46000000000001
ott_5,MUC5Ba,NeoORF,0,0.031207,0.0066585391899465,0.8682493853555961,3.16,3.16,,0.447368,SYQRYSHPLF,,HLA-A*23:01,HLA-A*23:01,10,melanoma,,0.005,,,0.7,,,-1.2666666666666668,,,148.10000000000002,,,0.25,,0.25,,,0.0,,,,,,1.0,,,ott_2017,0.49968708261840383,-0.29424176139815844,0.05263157894736842,0.8936602953078413,0.044333962092854944,0.0,-0.5747537472792018,,,-1.2666666666666668,148.10000000000002,0.25,0.25,,,,10,-1.7550000000000001,-1.0399999999999998,3.8,1.9,1297.4171000000001,8.333521842956543,-1.42
ott_5,MUC5Bb,NeoORF,0,0.031207,0.0066585391899465,0.8085072178949343,6.94,6.94,,0.352941,SYQLYTHPL,,HLA-A*23:01,HLA-A*23:01,9,melanoma,,0.032,,,0.7777777777777778,,,-0.6,,,148.45999999999998,,,0.3,,0.1,,,0.0,,,,,,1.0,,,ott_2017,0.8413594704548549,-0.3682941370310306,0.21052631578947367,0.8209481078452336,0.044333962092854944,0.0,-0.5747537472792018,,,-0.6,148.45999999999998,0.1,0.3,,,,9,-0.30500000000000016,-0.5333333333333335,3.8,4.222222222222222,1121.2418,6.4557954788208,-3.744444444444445
ott_5,MUC5Bc,NeoORF,0,0.031207,0.0066585391899465,0.5592036332956019,116.84,116.84,,0.398148,HQFHVHPLL,,HLA-B*41:02,HLA-B*41:02,9,melanoma,,0.044,,,0.6666666666666666,,,-8.881784197001253e-17,,,145.16,,,0.2,,0.2,,,0.0,,,,,,0.5,,,ott_2017,2.067591548301512,-3.8057990258971683,0.8421052631578947,0.5599904774038518,0.044333962092854944,0.0,-0.5747537472792018,,,-8.881784197001253e-17,145.16,0.2,0.2,,,,9,-0.27500000000000036,-0.011111111111111219,4.2,4.655555555555555,1127.2975999999999,7.022423362731933,-2.688888888888889
ott_5,OVGP1,p.P446S,0,0.639822,0.1071668004238233,0.5523140127956925,125.96,125.96,,0.416667,MTITSRGTTV,MTITPRGTTV,HLA-A*66:01,HLA-A*66:01,10,melanoma,-0.163335531274626,-0.0483333333333333,-0.0516666666666666,0.0033333333333333,0.1,0.0,0.1,-1.3,0.1333333333333333,0.1333333333333333,111.8,-3.950000000000003,3.950000000000003,0.0,0.0,0.1666666666666666,0.0,0.0,0.0384675094255932,1.0,0.0,0.8888888888888888,1.0,0.1,0.5,0.5,0.0,ott_2017,2.1002326519645065,-5.063939714715909,1.0,0.5530440394327912,0.7135392211516707,0.0,-0.5467972167315314,,,-1.3,111.8,0.1666666666666666,0.0,0.1333333333333333,43.0,-1.0,10,-0.3449999999999999,0.20999999999999996,4.5,2.29,1066.2298000000003,9.500077247619632,8.400000000000002
ott_5,PDIA6,p.P290S,0,54.952732,0.8720264721564006,0.7697229535098933,11.08,11.08,,0.3923895,RYGIRGFSTI,RYGIRGFPTI,HLA-A*23:01,HLA-A*23:01,10,melanoma,-0.3068149419552923,-0.016,-0.0196666666666666,0.0036666666666666,0.1055555555555555,0.0,0.1055555555555555,-0.285,0.1466666666666667,0.1466666666666667,129.11666666666667,-4.345000000000006,4.345000000000006,0.1833333333333333,0.0,0.1833333333333333,0.0,0.0,0.0423142603681526,1.0,0.0,0.4722222222222222,1.0,0.1055555555555555,1.0,1.0,0.0,ott_2017,1.044539760392411,-0.43311408603777385,0.2631578947368421,0.7777087831102237,5.806136670175285,1.0,1.9480485027263796,,,-0.285,129.11666666666667,0.1833333333333333,0.1833333333333333,0.1466666666666667,47.0,-1.0,10,0.1399999999999999,-0.08000000000000007,4.5,3.8,1169.3327000000002,10.835024070739745,-24.010000000000005
ott_5,PIK3R2,p.E5K,0,17.741964,0.6350354369263903,0.5918197414238061,81.8,81.8,,0.392157,MAGPKGFQY,MAGPEGFQY,HLA-B*35:01,HLA-B*35:01,9,melanoma,-0.0165661697339694,-0.056,-0.054,-0.002,0.1111111111111111,0.0,0.1111111111111111,-1.32,-0.08,0.08,135.02000000000004,6.0400000000000205,6.0400000000000205,0.2,0.0,0.2,0.4,0.4,0.2450565535595477,1.0,0.0,1.0,1.0,0.1111111111111111,0.5,0.5,0.0,ott_2017,1.912753303671323,-1.7469281102005025,0.6842105263157895,0.592942006034022,4.228200238097595,1.0,0.2387840707056794,,,-1.32,135.02000000000004,0.2,0.2,-0.08,47.0,1.0,9,-0.9950000000000001,-0.5111111111111111,2.8,0.3222222222222222,998.1555000000001,8.344739341735842,4.788888888888889
ott_5,PSMB7,p.P158L,0,23.44944,0.6926378845597224,0.713980599257099,21.08,21.08,,0.386792,IYLHGSTDKL,IYPHGSTDKL,HLA-A*23:01,HLA-A*23:01,10,melanoma,0.2115594309749138,-0.0666666666666666,-0.0666666666666666,0.0,0.1,0.0,0.1,-2.083333333333333,0.0,0.0,116.35,0.0,0.0,0.0833333333333333,0.0,0.0833333333333333,0.0,0.0,0.0,0.0,0.0,0.0,1.0,0.1,1.0,1.0,0.0,ott_2017,1.323870606540509,-0.5713636659556225,0.3684210526315789,0.7182636609046461,4.611729516364456,1.0,0.5009551101051289,,,-2.083333333333333,116.35,0.0833333333333333,0.0833333333333333,0.0,46.0,-3.0,10,-0.5800000000000001,-0.17,4.5,5.7,1146.2928,6.742661857604981,-18.35
ott_5,TBX4,p.S271F,1,0.844169,0.1326138217391213,0.7404018050594035,15.59,15.59,,0.39323725,YPVIFKSIM,YPVISKSIM,HLA-B*35:01,HLA-B*35:01,9,melanoma,0.259891835149729,-0.01975,-0.0424166666666666,0.0226666666666666,0.1055555555555555,0.0,0.1055555555555555,0.6241666666666665,0.5099999999999999,0.5099999999999999,150.75916666666666,14.294166666666666,14.294166666666666,0.1416666666666666,0.1416666666666666,0.225,0.0,0.0,0.2839271457085828,0.75,0.25,0.6041666666666667,1.0,0.1055555555555555,1.0,1.0,0.5,ott_2017,1.1928461151888416,-0.4969566923053741,0.3157894736842105,0.7461473229052045,0.8829708706750172,0.0,-0.5374106042625242,,,0.6241666666666665,150.75916666666666,0.225,0.1416666666666666,0.5099999999999999,38.0,-2.0,9,1.1949999999999998,1.1444444444444444,4.5,4.655555555555555,1097.3692999999998,8.590879631042483,27.3
ott_5,ZFYVE26,p.S544F,0,10.43323,0.5279437489597141,0.6861448165543673,28.84,28.84,,0.4227155,LFSPGAANLF,LSSPGAANLF,HLA-A*23:01,HLA-A*23:01,10,melanoma,0.8033326427415854,-0.027,-0.027,0.0,0.1055555555555555,0.0,0.1055555555555555,0.5083333333333333,0.0,0.0,104.37666666666664,0.0,0.0,0.0,0.0,0.0,0.0,0.0,0.0,0.0,0.5,0.0,1.0,0.1055555555555555,1.0,0.5,0.5,ott_2017,1.4599952560473914,-0.6766131064125496,0.47368421052631576,0.6892946210126545,3.5151611315705993,1.0,-0.09694023010155954,,,0.5083333333333333,104.37666666666664,0.0,0.0,0.0,43.0,-2.0,10,0.47,1.05,3.8,4.38,1036.1803,5.525000190734862,44.449999999999996
ott_5,ZMIZ2,p.P301L,0,8.440074,0.486436662036783,0.627651209449682,55.19,55.19,,0.4500925,QPPALSPSY,QPPAPSPSY,HLA-B*35:01,HLA-B*35:01,9,melanoma,0.4807540875431576,-0.0383333333333333,-0.0503333333333333,0.0119999999999999,0.1055555555555555,0.0,0.1055555555555555,-0.335,0.5399999999999999,0.5399999999999999,107.15,5.399999999999999,5.399999999999999,0.0,0.0,0.0,0.0,0.0,0.0923353293413173,0.5,0.5,0.5,1.0,0.1055555555555555,0.5,0.5,0.5,ott_2017,1.7418603940652635,-1.0938295515245018,0.5789473684210527,0.6293101695780254,3.238798168804763,1.0,-0.18849519769235618,,,-0.335,107.15,0.0,0.0,0.5399999999999999,42.0,-3.0,9,0.27999999999999997,-0.6222222222222222,3.8,2.433333333333333,959.0534,5.524318122863768,143.31111111111113
ott_6,ATP5J2-PTCD1,p.R57Q,0,,,0.6297136438581903,53.95,53.95,,0.311111,QLFARARPM,RLFARARPM,HLA-B*08:01,HLA-B*08:01,9,melanoma,0.1807944434004387,-0.0679999999999999,-0.0679999999999999,0.0,0.1111111111111111,0.0,0.1111111111111111,-1.4,0.0,0.0,127.34,0.0,0.0,0.0,0.0,0.4,0.0,0.0,0.0,0.0,0.0,0.0,1.0,0.1111111111111111,1.0,1.0,0.0,ott_2017,1.7319914490189294,-1.070712978801539,0.45454545454545453,0.6314104053823033,,0.0,,,,-1.4,127.34,0.4,0.0,0.0,41.0,1.0,9,-0.31999999999999995,-0.22222222222222238,3.8,2.7555555555555555,1089.3143,11.999967765808105,21.911111111111115
ott_6,CADM4,NeoORF,0,14.270462,0.5906498788554532,0.5548228588439028,122.56,122.56,,0.464286,MPAWRTRGAI,,HLA-B*08:01,HLA-B*08:01,10,melanoma,,-0.0333333333333333,,,0.7,,,-1.5333333333333334,,,139.9,,,0.1666666666666666,,0.3333333333333333,,,0.0,,,,,,0.5,,,ott_2017,2.0883487522885287,-4.519927145512224,0.8636363636363636,0.5555730829604179,3.9326718056813346,1.0,-0.5026367064763322,,,-1.5333333333333334,139.9,0.3333333333333333,0.1666666666666666,,,,10,-1.1199999999999999,-0.26000000000000023,4.5,2.48,1158.3764,11.999967765808105,55.22
ott_6,CADM4,p.V87fs,0,14.270462,0.5906498788554532,0.4379591956844312,436.54,436.54,,0.413462,MPAWRTRGA,,HLA-B*08:01,HLA-B*08:01,9,melanoma,,-0.036,,,0.6666666666666666,,,-2.2,,,150.16000000000005,,,0.2,,0.4,,,0.0,,,,,,0.0,,,ott_2017,2.6400240441088667,1.133647931798812,1.0,0.43816963256357033,3.9326718056813346,1.0,-0.5026367064763322,,,-2.2,150.16000000000005,0.4,0.2,,,,9,-1.4049999999999998,-0.7888888888888892,1.9,0.6444444444444444,1045.2188,11.999967765808105,60.24444444444445
ott_6,DCUN1D4,p.E325K,0,6.504981,0.4367311592582573,0.6370624003543044,49.75,49.75,,0.326923,LLDKFVEWY,LLDEFVEWY,HLA-A*01:03,HLA-A*01:03,9,melanoma,-0.038074442819145,-0.024,-0.022,-0.002,0.1111111111111111,0.0,0.1111111111111111,-0.2599999999999999,-0.0799999999999999,0.0799999999999999,172.94,6.039999999999992,6.039999999999992,0.4,0.0,0.0,0.4,0.4,0.2450565535595475,1.0,0.0,0.75,1.0,0.1111111111111111,1.0,1.0,0.0,ott_2017,1.6967930850817443,-0.9956650352280086,0.38636363636363635,0.63890106054816,2.9078484194488317,1.0,-0.8046693047486951,,,-0.2599999999999999,172.94,0.0,0.4,-0.0799999999999999,48.0,1.0,9,0.19,0.16666666666666655,4.2,4.655555555555555,1212.3921,4.3702592849731445,-17.244444444444444
ott_6,DNMBP,p.H421Y,0,9.558374,0.5106950686442364,0.5566433568116507,120.15,120.15,,0.3857335,ISSQPQVPFY,ISSQPQVPFH,HLA-A*01:03,HLA-A*01:03,10,melanoma,2.0580067625988576,-0.023,-0.023,0.0,0.1055555555555555,0.0,0.1055555555555555,-0.2366666666666666,0.0,0.0,140.15166666666664,0.0,0.0,0.1833333333333333,0.0,0.0,0.0,0.0,0.0,0.0,1.0,0.0,1.0,0.1055555555555555,0.5,0.0,0.5,ott_2017,2.079723775139919,-4.1930047043898755,0.8181818181818182,0.5574085867284034,3.4003157702317712,1.0,-0.6859098587676097,,,-0.2366666666666666,140.15166666666664,0.0,0.1833333333333333,0.0,48.0,2.0,10,-0.6400000000000001,-0.15999999999999995,4.5,2.29,1165.2943,5.524318122863768,149.621
ott_6,DNMT3A,p.E865K,0,7.57058,0.4654993082902969,0.5572480072246104,119.36,119.36,,0.45283,EMKRVFGFPV,EMERVFGFPV,HLA-B*08:01,HLA-B*08:01,10,melanoma,0.1279487630942846,0.0066666666666666,0.0066666666666666,0.0,0.1,0.0,0.1,0.55,0.0,0.0,144.33333333333334,0.0,0.0,0.3333333333333333,0.0,0.1666666666666666,0.0,0.0,0.0,0.0,0.0,0.0,1.0,0.1,1.0,1.0,0.0,ott_2017,2.0768588101285936,-4.094628696781649,0.7727272727272727,0.5580182873667734,3.0993928396714727,1.0,-0.7632236255066197,,,0.55,144.33333333333334,0.1666666666666666,0.3333333333333333,0.0,49.0,1.0,10,0.25499999999999995,0.20000000000000004,4.2,0.78,1209.4594,8.847657203674316,80.12
ott_6,DTX4,p.P223L,0,12.792966,0.5686002656909851,0.5753324920471041,97.97,97.97,,0.375,LPVTRKNMPL,LPVTRKNMPP,HLA-B*08:01,HLA-B*08:01,10,melanoma,2.0553868674260305,-0.0766666666666666,-0.0766666666666666,0.0,0.1,0.0,0.1,-2.05,0.0,0.0,141.3,0.0,0.0,0.0,0.0,0.3333333333333333,0.0,0.0,0.0,0.0,1.0,0.0,1.0,0.1,0.5,0.0,0.5,ott_2017,1.9910931080488874,-2.4052697001468197,0.6363636363636364,0.5762703089801409,3.785860818119439,1.0,-0.5601028126733628,,,-2.05,141.3,0.3333333333333333,0.0,0.0,45.0,-3.0,10,-1.06,-0.21000000000000005,4.2,4.1899999999999995,1168.4524,11.000836753845213,82.97
ott_6,EEA1,p.L1161F,0,50.898925,0.8557302160661486,0.6370624003543044,49.75,49.75,,0.3671146666666667,ESIKEITNFK,ESIKEITNLK,HLA-A*66:01,HLA-A*66:01,10,melanoma,-0.0333571086873758,-0.0607777777777777,-0.0681111111111111,0.0073333333333333,0.1074074074074074,0.0,0.1074074074074074,-0.7388888888888889,-0.1222222222222222,0.1222222222222222,144.9288888888889,2.835555555555563,2.835555555555563,0.1222222222222222,0.1222222222222222,-0.0666666666666666,0.0,0.0,0.1527818437199675,0.6666666666666666,0.3333333333333333,0.1574074074074074,1.0,0.1074074074074074,0.5,0.5,0.0,ott_2017,1.6967930850817443,-0.9956650352280086,0.38636363636363635,0.63890106054816,5.697632750749305,1.0,0.922000073990082,,,-0.7388888888888889,144.9288888888889,-0.0666666666666666,0.1222222222222222,-0.1222222222222222,43.0,0.0,10,-0.71,-0.8,4.5,3.8,1208.3607000000002,6.24065990447998,-6.059999999999999
ott_6,FAM50B,p.E78K,1,4.823911,0.3817824524309855,0.7610393668690445,12.27,12.27,,0.3532904999999999,DMKARQKAL,DMKARQEAL,HLA-B*08:01,HLA-B*08:01,9,melanoma,0.1582554638007061,-0.0793333333333333,-0.0775,-0.0018333333333333,0.1055555555555555,0.0,0.1055555555555555,-1.2049999999999998,-0.0733333333333332,0.0733333333333332,135.44166666666666,5.536666666666655,5.536666666666655,0.0,0.0,0.3666666666666667,0.3666666666666667,0.3666666666666667,0.2246351740962518,1.0,0.0,0.5833333333333334,1.0,0.1055555555555555,1.0,1.0,0.0,ott_2017,1.0888445627270043,-0.45039955059069775,0.09090909090909091,0.7682801631586789,2.541988308689129,1.0,-0.8700532700146872,,,-1.2049999999999998,135.44166666666666,0.3666666666666667,0.0,-0.0733333333333332,39.0,1.0,9,-1.8200000000000003,-1.1111111111111112,3.8,2.7555555555555555,1060.2716,9.994291877746583,30.28888888888889
ott_6,KRIT1,p.R600C,0,43.266734,0.8212642455654797,0.6986988405359797,25.05,25.05,,0.40678,WTNCILHEY,WTNRILHEY,HLA-A*01:03,HLA-A*01:03,9,melanoma,0.0816724499826373,0.02,-0.0199999999999999,0.04,0.1111111111111111,0.0,0.1111111111111111,0.8200000000000001,1.4,1.4,146.7,-12.980000000000018,12.980000000000018,0.1,0.0,-0.1,-0.2,0.2,0.3332801064537593,1.0,0.0,0.75,1.0,0.1111111111111111,0.5,0.5,0.0,ott_2017,1.3988077302032644,-0.6248732490442874,0.18181818181818182,0.7023160971633142,5.468151030197568,1.0,0.6251516909677111,,,0.8200000000000001,146.7,-0.1,0.1,1.4,47.0,-3.0,9,1.17,-0.25555555555555554,4.5,4.222222222222222,1178.3163,5.239895820617675,-6.311111111111107
ott_6,MLL,p.P3239L,0,45.967556,0.8340967589958269,0.587491298583746,85.77,85.77,,0.378755,TRKNKKLAL,TRKNKKLAP,HLA-B*08:01,HLA-B*08:01,9,melanoma,1.8862539074043585,-0.1009999999999999,-0.1009999999999999,0.0,0.1055555555555555,0.0,0.1055555555555555,-1.37,0.0,0.0,143.5933333333333,0.0,0.0,0.0,0.0,0.45,0.0,0.0,0.0,0.0,1.0,0.0,1.0,0.1055555555555555,0.5,0.0,0.5,ott_2017,1.9333354100776512,-1.8822849538704234,0.5909090909090909,0.5885618745610958,5.553592618472071,1.0,0.7301981505664353,,,-1.37,143.5933333333333,0.45,0.0,0.0,36.0,-3.0,9,-2.2500000000000004,-1.2222222222222223,3.8,4.544444444444444,1071.3174999999999,11.263674354553224,25.766666666666666
ott_6,NCOA6,p.P1371R,0,20.764266,0.6674299055304497,0.5645805600275865,110.18,110.18,,0.325581,NVELRRNVL,NVELPRNVL,HLA-B*08:01,HLA-B*08:01,9,melanoma,0.9312153331100615,-0.052,-0.04,-0.012,0.1111111111111111,0.0,0.1111111111111111,-0.8999999999999998,-0.5799999999999996,0.5799999999999996,153.52,12.140000000000017,12.140000000000017,0.0,0.0,0.4,0.2,0.2,0.2371390552228876,1.0,0.0,1.0,1.0,0.1111111111111111,1.0,1.0,0.0,ott_2017,2.0421027680373025,-3.1874087400116444,0.7272727272727273,0.5654148108728225,4.443889460934786,1.0,-0.2500650377295458,,,-0.8999999999999998,153.52,0.4,0.0,-0.5799999999999996,36.0,-2.0,9,-1.3050000000000002,-0.388888888888889,4.2,5.088888888888889,1112.2831,9.598842811584472,107.64444444444446
ott_6,PDE1C,p.L121F,0,11.646968,0.5498052528402884,0.7255597359381716,18.48,18.48,,0.413462,VVDFKKNLEY,VVDLKKNLEY,HLA-A*01:03,HLA-A*01:03,10,melanoma,0.0351836205872111,-0.085,-0.095,0.01,0.1,0.0,0.1,-1.3666666666666665,-0.1666666666666665,0.1666666666666665,157.71666666666667,3.866666666666674,3.866666666666674,0.1666666666666666,0.1666666666666666,0.1666666666666666,0.0,0.0,0.2083388777999556,1.0,0.0,0.6666666666666667,1.0,0.1,1.0,1.0,0.0,ott_2017,1.266701966884088,-0.5363264425181806,0.13636363636363635,0.7304298674570753,3.6607196477384627,1.0,-0.6046755511238119,,,-1.3666666666666665,157.71666666666667,0.1666666666666666,0.1666666666666666,-0.1666666666666665,46.0,0.0,10,-1.065,-0.45999999999999996,4.2,2.68,1254.4305,6.038824653625488,-28.6
ott_6,PISD,NeoORF,0,8.270978,0.4825202001778143,0.5723643309947979,101.2,101.2,,0.345238,AAQARLQPV,,HLA-B*08:01,HLA-B*08:01,9,melanoma,,-0.048,,,0.6666666666666666,,,-0.8,,,137.04000000000002,,,0.0,,0.2,,,0.0,,,,,,0.5,,,ott_2017,2.0051805125037805,-2.580119258648169,0.6818181818181818,0.5732723318826294,3.2127215374836178,1.0,-0.7359821670876542,,,-0.8,137.04000000000002,0.2,0.0,,,,9,-0.16999999999999998,0.03333333333333341,4.2,3.511111111111111,953.0969,9.79502010345459,87.91111111111113
ott_6,RALGAPB,NeoORF,1,37.521939,0.7911446537151486,0.6290266042050915,54.36,54.36,,0.45098,LFRIKFKEPL,,HLA-B*08:01,HLA-B*08:01,10,melanoma,,-0.08,,,0.8,,,-0.9333333333333332,,,157.48333333333332,,,0.1666666666666666,,0.1666666666666666,,,0.0,,,,,,1.0,,,ott_2017,1.7352794480604568,-1.0783053336606234,0.5,0.6307106777742333,5.267608417883895,1.0,0.4017121692700753,,,-0.9333333333333332,157.48333333333332,0.1666666666666666,0.1666666666666666,,,,10,-0.435,0.029999999999999936,4.5,5.7,1290.5952,9.994291877746583,4.740000000000002
ott_6,SETBP1,p.P1084S,0,41.284983,0.8113400283993231,0.6129610744440739,64.87,64.87,,0.3349999999999999,HTLGAASSFM,HTLGAASPFM,HLA-A*66:01,HLA-A*66:01,10,melanoma,0.2586920532649401,-0.0193333333333333,-0.023,0.0036666666666666,0.1055555555555555,0.0,0.1055555555555555,0.5266666666666667,0.1466666666666667,0.1466666666666667,91.96333333333332,-4.344999999999999,4.344999999999999,0.0833333333333333,0.0,0.0,0.0,0.0,0.0423142603681525,1.0,0.0,0.3472222222222222,1.0,0.1055555555555555,0.5,0.5,0.0,ott_2017,1.8120438979302267,-1.292236403081111,0.5454545454545454,0.61437423600105,5.402073493504541,1.0,0.5480729622117133,,,0.5266666666666667,91.96333333333332,0.0,0.0833333333333333,0.1466666666666667,45.0,-1.0,10,0.7,0.6199999999999999,3.8,2.48,1021.1476,6.741127204895021,12.23
ott_6,SMC4,p.L1262F,0,34.731478,0.7748512793824894,0.7821518279395397,9.56,9.56,,0.358589,ISDRFIGIY,ISDRLIGIY,HLA-A*01:03,HLA-A*01:03,9,melanoma,0.0248394004375462,-0.0152222222222222,-0.0265555555555555,0.0113333333333333,0.1074074074074074,0.0,0.1074074074074074,0.5755555555555556,-0.1888888888888888,0.1888888888888888,145.41666666666666,4.382222222222215,4.382222222222215,0.1888888888888888,0.1888888888888888,0.0666666666666666,0.0,0.0,0.2361173948399496,1.0,0.0,0.8796296296296297,1.0,0.1074074074074074,1.0,1.0,0.0,ott_2017,0.9804578922761001,-0.4103365038815578,0.045454545454545456,0.791346211750368,5.15912368580941,1.0,0.29317926754670537,,,0.5755555555555556,145.41666666666666,0.0666666666666666,0.1888888888888888,-0.1888888888888888,40.0,0.0,9,0.5149999999999999,0.6444444444444444,4.5,6.333333333333333,1083.2368,5.835682106018066,-8.922222222222224
ott_6,TBX10,p.D256N,0,0.151296,0.0305275374378549,0.6696250508728675,34.68,34.68,,0.392157,ESDLNSWPV,ESDLDSWPV,HLA-A*01:03,HLA-A*01:03,9,melanoma,0.1253332126692505,-0.002,-0.02,0.018,0.1111111111111111,0.0,0.1111111111111111,-0.6000000000000001,0.0,0.0,142.06,0.6000000000000227,0.6000000000000227,0.2,0.0,0.0,0.2,0.2,0.1035928143712576,1.0,0.0,1.0,1.0,0.1111111111111111,0.5,0.5,0.0,ott_2017,1.5400790888041727,-0.7588509542530392,0.22727272727272727,0.6722517727538055,0.20325880030886107,0.0,-1.0517911493780412,,,-0.6000000000000001,142.06,0.0,0.2,0.0,46.0,1.0,9,-0.6250000000000002,-0.7333333333333334,4.2,2.5444444444444443,1046.0876,4.0500284194946286,51.6888888888889
ott_6,TEX2,p.P207L,0,23.396667,0.6921696872164194,0.6485672626312198,43.81,43.81,,0.411249,HLARHRHLM,HPARHRHLM,HLA-B*08:01,HLA-B*08:01,9,melanoma,0.0149010308464478,0.0026666666666666,-0.0039999999999999,0.0066666666666666,0.1074074074074074,0.0,0.1074074074074074,-2.0911111111111107,0.2999999999999999,0.2999999999999999,159.79222222222222,3.0,3.0,0.1888888888888888,0.0,0.5666666666666667,0.0,0.0,0.0512974051896207,0.3333333333333333,0.6666666666666666,0.2222222222222222,1.0,0.1074074074074074,1.0,0.5,0.5,ott_2017,1.6415732531781755,-0.8970271157149431,0.3181818181818182,0.6506525362657352,4.608612159437082,1.0,-0.14767976195271149,,,-2.0911111111111107,159.79222222222222,0.5666666666666667,0.1888888888888888,0.2999999999999999,44.0,-3.0,9,-2.2649999999999997,-0.8111111111111112,3.8,4.544444444444444,1170.3937,11.999967765808105,51.6888888888889
ott_6,TNS1,NeoORF,0,89.051156,0.9751376789467632,0.4896041173909281,249.23,249.23,,0.462264,LPSFRPPTAL,,HLA-B*08:01,HLA-B*08:01,10,melanoma,,-0.0283333333333333,,,0.6,,,-0.6333333333333334,,,132.23333333333335,,,0.1666666666666666,,0.1666666666666666,,,0.0,,,,,,0.5,,,ott_2017,2.396600317482639,2.5299762573824083,0.9090909090909091,0.4899732674881615,6.492672891227271,1.0,2.405902675621249,,,-0.6333333333333334,132.23333333333335,0.1666666666666666,0.1666666666666666,,,,10,-0.49499999999999994,0.14000000000000004,3.8,4.09,1098.2947000000001,9.750021171569824,86.04
ott_6,TNS1,p.P789fs,0,89.051156,0.9751376789467632,0.4412445519541224,421.26,421.26,,0.261905,ISIQRAQPL,,HLA-B*08:01,HLA-B*08:01,9,melanoma,,-0.0799999999999999,,,0.6666666666666666,,,-2.26,,,132.46000000000004,,,0.0,,0.2,,,0.0,,,,,,0.5,,,ott_2017,2.6245502234183187,1.174866635197884,0.9545454545454546,0.441462656497809,6.492672891227271,1.0,2.405902675621249,,,-2.26,132.46000000000004,0.2,0.0,,,,9,-0.8450000000000002,0.07777777777777779,4.5,6.655555555555555,1025.2026,9.750021171569824,30.28888888888889
ott_6,TP63,p.S458L,0,5.270238,0.3977825293528,0.6670451570594942,35.69,35.69,,0.3631725,QTSIQSPSLY,QTSIQSPSSY,HLA-A*01:03,HLA-A*01:03,10,melanoma,0.2203160688443203,-0.0288333333333333,-0.0471666666666666,0.0183333333333333,0.1055555555555555,0.0,0.1055555555555555,-0.1566666666666667,0.8433333333333333,0.8433333333333333,124.11166666666668,14.245000000000005,14.245000000000005,0.0,0.0,0.0,0.0,0.0,0.1790031049013085,1.0,0.0,0.2361111111111111,1.0,0.1055555555555555,0.5,0.5,0.0,ott_2017,1.5525465479556604,-0.7734867834155416,0.2727272727272727,0.6695985404199147,2.648520204574866,1.0,-0.852693713859813,,,-0.1566666666666667,124.11166666666668,0.0,0.0,0.8433333333333333,43.0,-2.0,10,-0.45500000000000007,-0.47000000000000003,4.5,3.8,1123.2131,5.524318122863768,116.14
