patient,mutations,candidates,fanout
sarc_case1,51,1262,24.7
sarc_TCGA_3B_A9HI_01A_11D_A387_09,46,950,20.7
sarc_TCGA_3B_A9HJ_01A_11D_A387_09,12,228,19.0
sarc_TCGA_3B_A9HL_01A_11D_A387_09,45,1254,27.9
sarc_TCGA_3B_A9HO_01A_11D_A387_09,51,1262,24.7
sarc_TCGA_3B_A9HP_01A_11D_A387_09,41,878,21.4
sarc_TCGA_3B_A9HQ_01A_11D_A387_09,60,1414,23.6
sarc_TCGA_3B_A9HR_01A_11D_A387_09,25,788,31.5
sarc_TCGA_3B_A9HS_01A_11D_A38Z_09,60,1475,24.6
sarc_TCGA_3B_A9HT_01A_11D_A38Z_09,349,7751,22.2
sarc_TCGA_3B_A9HU_01A_11D_A38Z_09,35,704,20.1
sarc_TCGA_3B_A9HV_01A_11D_A38Z_09,44,1102,25.0
sarc_TCGA_3B_A9HX_01A_11D_A38Z_09,42,974,23.2
sarc_TCGA_3B_A9HY_01A_11D_A38Z_09,54,1216,22.5
sarc_TCGA_3B_A9HZ_01A_11D_A38Z_09,34,646,19.0
sarc_TCGA_3B_A9I0_01A_11D_A38Z_09,25,722,28.9
sarc_TCGA_3B_A9I1_01A_11D_A38Z_09,32,684,21.4
sarc_TCGA_3B_A9I3_01A_11D_A38Z_09,45,1254,27.9
sarc_TCGA_3R_A8YX_01A_11D_A37C_09,55,1319,24.0
sarc_TCGA_DX_A1KU_01A_32D_A24N_09,52,1441,27.7
sarc_TCGA_DX_A1KW_01A_22D_A24N_09,39,978,25.1
sarc_TCGA_DX_A1KX_01A_22D_A24N_09,92,2136,23.2
sarc_TCGA_DX_A1L0_01A_11D_A24N_09,89,2061,23.2
sarc_TCGA_DX_A1L1_01A_11D_A24N_09,73,1558,21.3
sarc_TCGA_DX_A1L2_01A_22D_A24N_09,142,3209,22.6
sarc_TCGA_DX_A23V_01A_11D_A29N_09,14,342,24.4
sarc_TCGA_DX_A23Y_01A_11D_A27P_09,41,928,22.6
sarc_TCGA_DX_A240_01A_32D_A27P_09,17,342,20.1
sarc_TCGA_DX_A2IZ_01A_11D_A21Q_09,37,932,25.2
sarc_TCGA_DX_A2J0_01A_11D_A21Q_09,35,868,24.8
sarc_TCGA_DX_A2J1_01A_11D_A21Q_09,26,616,23.7
sarc_TCGA_DX_A2J4_01A_32D_A21Q_09,20,479,23.9
sarc_TCGA_DX_A3LS_01A_11D_A21Q_09,41,797,19.4
sarc_TCGA_DX_A3LU_01A_11D_A21Q_09,31,722,23.3
sarc_TCGA_DX_A3LW_01A_21D_A21Q_09,30,640,21.3
sarc_TCGA_DX_A3LY_01B_11D_A27P_09,48,1140,23.8
sarc_TCGA_DX_A3M1_01A_11D_A228_09,56,1510,27.0
sarc_TCGA_DX_A3M2_01A_21D_A228_09,89,2102,23.6
sarc_TCGA_DX_A3U5_01A_11D_A228_09,28,807,28.8
sarc_TCGA_DX_A3U6_01A_11D_A29N_09,3,76,25.3
sarc_TCGA_DX_A3U7_01A_11D_A29N_09,33,836,25.3
sarc_TCGA_DX_A3U8_01A_11D_A29N_09,34,760,22.4
sarc_TCGA_DX_A3U9_01A_11D_A307_09,56,1216,21.7
sarc_TCGA_DX_A3UA_01A_12D_A307_09,18,570,31.7
sarc_TCGA_DX_A3UB_01A_11D_A307_09,15,304,20.3
sarc_TCGA_DX_A3UC_01A_11D_A307_09,27,836,31.0
sarc_TCGA_DX_A3UD_01A_11D_A307_09,31,684,22.1
sarc_TCGA_DX_A3UE_01A_11D_A307_09,64,1366,21.3
sarc_TCGA_DX_A3UF_01A_11D_A307_09,47,1178,25.1
sarc_TCGA_DX_A48J_01A_21D_A307_09,12,304,25.3
sarc_TCGA_DX_A48K_01A_11D_A307_09,25,684,27.4
sarc_TCGA_DX_A48L_01A_11D_A307_09,53,1102,20.8
sarc_TCGA_DX_A48N_01A_11D_A307_09,32,646,20.2
sarc_TCGA_DX_A48O_01A_11D_A307_09,58,1305,22.5
sarc_TCGA_DX_A48P_01A_11D_A307_09,43,839,19.5
sarc_TCGA_DX_A48R_01A_11D_A307_09,49,1054,21.5
sarc_TCGA_DX_A48U_01A_11D_A307_09,20,418,20.9
sarc_TCGA_DX_A48V_01A_11D_A307_09,42,1028,24.5
sarc_TCGA_DX_A6B7_01A_11D_A307_09,32,684,21.4
sarc_TCGA_DX_A6B8_01A_11D_A307_09,51,1139,22.3
sarc_TCGA_DX_A6B9_01A_12D_A32I_09,10,228,22.8
sarc_TCGA_DX_A6BA_01A_11D_A307_09,48,1084,22.6
sarc_TCGA_DX_A6BB_01A_12D_A32I_09,47,1102,23.4
sarc_TCGA_DX_A6BE_01A_41D_A32I_09,23,670,29.1
sarc_TCGA_DX_A6BF_01A_11D_A307_09,75,1845,24.6
sarc_TCGA_DX_A6BG_01A_11D_A307_09,18,380,21.1
sarc_TCGA_DX_A6BH_01A_12D_A307_09,11,342,31.1
sarc_TCGA_DX_A6BK_01A_11D_A307_09,51,1102,21.6
sarc_TCGA_DX_A6YQ_01A_12D_A33E_09,84,1979,23.6
sarc_TCGA_DX_A6YR_01A_33D_A351_09,74,1676,22.6
sarc_TCGA_DX_A6YS_01A_12D_A351_09,141,4054,28.8
sarc_TCGA_DX_A6YT_01A_21D_A351_09,90,2430,27.0
sarc_TCGA_DX_A6YU_01A_12D_A33E_09,36,684,19.0
sarc_TCGA_DX_A6YV_01A_12D_A351_09,256,7543,29.5
sarc_TCGA_DX_A6YX_01A_11D_A417_09,40,911,22.8
sarc_TCGA_DX_A6YZ_01A_12D_A351_09,78,1936,24.8
sarc_TCGA_DX_A6Z0_01A_13D_A36J_09,42,932,22.2
sarc_TCGA_DX_A6Z2_01A_12D_A36J_09,63,1482,23.5
sarc_TCGA_DX_A7EF_01A_11D_A33E_09,48,1026,21.4
sarc_TCGA_DX_A7EI_01A_11D_A33E_09,32,856,26.8
sarc_TCGA_DX_A7EL_01A_12D_A36J_09,41,979,23.9
sarc_TCGA_DX_A7EM_01A_11D_A36J_09,53,1292,24.4
sarc_TCGA_DX_A7EN_01A_11D_A38Z_09,26,684,26.3
sarc_TCGA_DX_A7EO_01A_11D_A36J_09,16,256,16.0
sarc_TCGA_DX_A7EQ_01A_11D_A387_09,42,1102,26.2
sarc_TCGA_DX_A7ER_01A_11D_A36J_09,23,456,19.8
sarc_TCGA_DX_A7ES_01A_31D_A38Z_09,27,616,22.8
sarc_TCGA_DX_A7ET_01A_11D_A36J_09,35,833,23.8
sarc_TCGA_DX_A7EU_01A_22D_A36J_09,67,1821,27.2
sarc_TCGA_DX_A8BG_01A_12D_A417_09,61,1444,23.7
sarc_TCGA_DX_A8BH_01A_11D_A37C_09,53,1096,20.7
sarc_TCGA_DX_A8BJ_01A_11D_A417_09,61,1330,21.8
sarc_TCGA_DX_A8BK_01A_11D_A37C_09,26,684,26.3
sarc_TCGA_DX_A8BL_01A_11D_A417_09,93,2090,22.5
sarc_TCGA_DX_A8BM_01A_11D_A417_09,63,1578,25.0
sarc_TCGA_DX_A8BN_01A_11D_A37C_09,36,956,26.6
sarc_TCGA_DX_A8BO_01A_11D_A417_09,31,608,19.6
sarc_TCGA_DX_A8BP_01A_11D_A37C_09,804,17702,22.0
sarc_TCGA_DX_A8BR_01A_11D_A417_09,45,1102,24.5
sarc_TCGA_DX_A8BT_01A_11D_A37C_09,90,2010,22.3
sarc_TCGA_DX_A8BU_01A_11D_A37C_09,68,1472,21.6
sarc_TCGA_DX_A8BV_01A_11D_A37C_09,62,1480,23.9
sarc_TCGA_DX_A8BX_01A_11D_A37C_09,79,1443,18.3
sarc_TCGA_DX_A8BZ_01A_11D_A37C_09,33,607,18.4
sarc_TCGA_DX_AATS_01A_12D_A417_09,84,1910,22.7
sarc_TCGA_DX_AB2E_01A_11D_A38Z_09,1079,21398,19.8
sarc_TCGA_DX_AB2F_01A_11D_A387_09,32,760,23.8
sarc_TCGA_DX_AB2G_01A_11D_A38Z_09,34,842,24.8
sarc_TCGA_DX_AB2H_01A_11D_A38Z_09,48,1102,23.0
sarc_TCGA_DX_AB2J_01A_11D_A387_09,29,760,26.2
sarc_TCGA_DX_AB2L_01A_32D_A417_09,3,76,25.3
sarc_TCGA_DX_AB2O_01A_12D_A38Z_09,55,1292,23.5
sarc_TCGA_DX_AB2P_01A_11D_A387_09,36,646,17.9
sarc_TCGA_DX_AB2Q_01A_11D_A38Z_09,78,1836,23.5
sarc_TCGA_DX_AB2S_01A_11D_A38Z_09,11,266,24.2
sarc_TCGA_DX_AB2T_01A_11D_A387_09,60,1446,24.1
sarc_TCGA_DX_AB2V_01A_11D_A417_09,84,2026,24.1
sarc_TCGA_DX_AB2W_01A_11D_A38Z_09,146,3723,25.5
sarc_TCGA_DX_AB2X_01A_11D_A387_09,39,749,19.2
sarc_TCGA_DX_AB2Z_01A_11D_A387_09,72,1787,24.8
sarc_TCGA_DX_AB30_01A_11D_A38Z_09,14,228,16.3
sarc_TCGA_DX_AB32_01A_11D_A417_09,319,6962,21.8
sarc_TCGA_DX_AB35_01A_21D_A417_09,36,1198,33.3
sarc_TCGA_DX_AB36_01A_11D_A417_09,26,608,23.4
sarc_TCGA_DX_AB37_01A_11D_A417_09,55,1216,22.1
sarc_TCGA_DX_AB3A_01A_11D_A417_09,36,721,20.0
sarc_TCGA_DX_AB3B_01A_11D_A417_09,23,721,31.3
sarc_TCGA_DX_AB3C_01A_11D_A417_09,9,228,25.3
sarc_TCGA_FX_A2QS_01A_11D_A21Q_09,58,1295,22.3
sarc_TCGA_FX_A3NJ_01A_11D_A21Q_09,17,316,18.6
sarc_TCGA_FX_A3NK_01A_11D_A21Q_09,27,646,23.9
sarc_TCGA_FX_A3RE_01A_11D_A228_09,117,2964,25.3
sarc_TCGA_FX_A3TO_01A_11D_A228_09,69,1406,20.4
sarc_TCGA_FX_A76Y_01A_11D_A351_09,22,616,28.0
sarc_TCGA_FX_A8OO_01A_11D_A36J_09,29,912,31.4
sarc_TCGA_HB_A2OT_01A_11D_A21Q_09,71,1672,23.5
sarc_TCGA_HB_A43Z_01A_11D_A24N_09,60,1482,24.7
sarc_TCGA_HB_A5W3_01A_11D_A29N_09,30,532,17.7
sarc_TCGA_IE_A3OV_01A_11D_A228_09,40,798,19.9
sarc_TCGA_IE_A4EH_01A_11D_A24N_09,26,578,22.2
sarc_TCGA_IE_A4EI_01A_11D_A24N_09,34,798,23.5
sarc_TCGA_IE_A4EJ_01A_11D_A24N_09,60,1236,20.6
sarc_TCGA_IE_A4EK_01A_11D_A24N_09,21,418,19.9
sarc_TCGA_IE_A6BZ_01A_11D_A307_09,43,950,22.1
sarc_TCGA_IF_A4AK_01A_21D_A24N_09,29,826,28.5
sarc_TCGA_IS_A3K6_01A_11D_A21Q_09,36,912,25.3
sarc_TCGA_IS_A3K7_01A_11D_A21Q_09,107,2500,23.4
sarc_TCGA_IS_A3K8_01A_11D_A21Q_09,12,266,22.2
sarc_TCGA_IS_A3KA_01A_11D_A21Q_09,63,1472,23.4
sarc_TCGA_IW_A3M4_01A_11D_A21Q_09,24,390,16.2
sarc_TCGA_IW_A3M5_01A_22D_A21Q_09,49,1026,20.9
sarc_TCGA_IW_A3M6_01A_11D_A21Q_09,65,1404,21.6
sarc_TCGA_JV_A5VE_01A_11D_A29N_09,46,1270,27.6
sarc_TCGA_JV_A5VF_01A_11D_A29N_09,32,798,24.9
sarc_TCGA_JV_A75J_01A_11D_A32I_09,25,570,22.8
sarc_TCGA_K1_A3PN_01A_11D_A228_09,38,838,22.1
sarc_TCGA_K1_A3PN_02A_11D_A228_09,44,1038,23.6
sarc_TCGA_K1_A42X_02A_11D_A24N_09,48,1214,25.3
sarc_TCGA_K1_A6RT_01A_32D_A33E_09,46,1064,23.1
sarc_TCGA_K1_A6RU_01A_11D_A32I_09,35,532,15.2
sarc_TCGA_K1_A6RV_01A_11D_A32I_09,73,1824,25.0
sarc_TCGA_KD_A5QS_01A_11D_A27P_09,80,1900,23.8
sarc_TCGA_KD_A5QT_01A_11D_A27P_09,34,836,24.6
sarc_TCGA_KD_A5QU_01A_11D_A27P_09,60,1672,27.9
sarc_TCGA_KF_A41W_01A_11D_A24N_09,51,978,19.2
sarc_TCGA_LI_A67I_01A_31D_A307_09,48,1243,25.9
sarc_TCGA_LI_A9QH_01A_11D_A37C_09,90,1976,22.0
sarc_TCGA_MB_A5Y8_01A_11D_A29N_09,21,608,29.0
sarc_TCGA_MB_A5Y9_01A_11D_A29N_09,23,570,24.8
sarc_TCGA_MB_A5YA_01A_11D_A29N_09,29,612,21.1
sarc_TCGA_MB_A8JK_01A_11D_A36J_09,25,528,21.1
sarc_TCGA_MB_A8JL_01A_11D_A36J_09,34,1046,30.8
sarc_TCGA_MJ_A68H_01A_11D_A307_09,51,1140,22.4
sarc_TCGA_MJ_A68J_01A_11D_A307_09,12,304,25.3
sarc_TCGA_MJ_A850_01A_11D_A351_09,20,532,26.6
sarc_TCGA_MO_A47P_01A_11D_A24N_09,11,304,27.6
sarc_TCGA_MO_A47R_01A_11D_A24N_09,32,708,22.1
sarc_TCGA_N1_A6IA_01A_12D_A32I_09,37,692,18.7
sarc_TCGA_PC_A5DK_01A_11D_A27P_09,15,456,30.4
sarc_TCGA_PC_A5DM_01A_11D_A27P_09,43,979,22.8
sarc_TCGA_PC_A5DN_01A_12D_A27P_09,50,1215,24.3
sarc_TCGA_QC_A6FX_01A_11D_A32I_09,39,912,23.4
sarc_TCGA_QC_A7B5_01A_11D_A33E_09,2459,53191,21.6
sarc_TCGA_QC_AA9N_01A_11D_A38Z_09,41,909,22.2
sarc_TCGA_QQ_A5V2_01A_11D_A32I_09,14,380,27.1
sarc_TCGA_QQ_A5V9_01A_11D_A32I_09,60,1596,26.6
sarc_TCGA_QQ_A5VA_01A_12D_A32I_09,59,1276,21.6
sarc_TCGA_QQ_A5VB_01A_11D_A36J_09,47,1046,22.3
sarc_TCGA_QQ_A5VC_01A_31D_A32I_09,58,1494,25.8
sarc_TCGA_QQ_A5VD_01A_21D_A32I_09,456,9947,21.8
sarc_TCGA_QQ_A8VB_01A_11D_A37C_09,65,1602,24.6
sarc_TCGA_QQ_A8VD_01A_42D_A38Z_09,5,114,22.8
sarc_TCGA_QQ_A8VF_01A_11D_A37C_09,876,18282,20.9
sarc_TCGA_QQ_A8VG_01A_11D_A37C_09,476,9740,20.5
sarc_TCGA_QQ_A8VH_01A_11D_A37C_09,49,1350,27.6
sarc_TCGA_RN_A68Q_01A_11D_A307_09,13,304,23.4
sarc_TCGA_RN_AAAQ_01A_21D_A38Z_09,39,1008,25.8
sarc_TCGA_SG_A6Z4_01A_22D_A33E_09,40,978,24.4
sarc_TCGA_SG_A6Z7_01A_12D_A32I_09,48,1206,25.1
sarc_TCGA_SG_A849_01A_11D_A351_09,52,1254,24.1
sarc_TCGA_SI_A71O_01A_12D_A33E_09,31,608,19.6
sarc_TCGA_SI_A71O_06A_11D_A387_09,40,798,19.9
sarc_TCGA_SI_A71P_01A_12D_A33E_09,31,912,29.4
sarc_TCGA_SI_A71Q_01A_12D_A33E_09,31,602,19.4
sarc_TCGA_SI_AA8B_01A_11D_A387_09,45,1011,22.5
sarc_TCGA_SI_AA8C_01A_11D_A387_09,16,342,21.4
sarc_TCGA_UE_A6QT_01A_12D_A32I_09,18,464,25.8
sarc_TCGA_UE_A6QU_01A_12D_A32I_09,57,1254,22.0
sarc_TCGA_VT_A80G_01A_11D_A36J_09,71,1748,24.6
sarc_TCGA_VT_A80J_01A_11D_A36J_09,45,1026,22.8
sarc_TCGA_VT_A80J_02A_11D_A417_09,48,1160,24.2
sarc_TCGA_VT_AB3D_01A_12D_A417_09,45,982,21.8
sarc_TCGA_WK_A8XO_01A_11D_A37C_09,32,674,21.1
sarc_TCGA_WK_A8XQ_01A_11D_A37C_09,25,548,21.9
sarc_TCGA_WK_A8XS_01A_11D_A37C_09,43,899,20.9
sarc_TCGA_WK_A8XT_01A_11D_A37C_09,54,1406,26.0
sarc_TCGA_WK_A8XX_01A_11D_A37C_09,46,1152,25.0
sarc_TCGA_WK_A8XY_01A_11D_A37C_09,39,950,24.4
sarc_TCGA_WK_A8XZ_01A_11D_A37C_09,27,645,23.9
sarc_TCGA_WK_A8Y0_01A_11D_A417_09,42,874,20.8
sarc_TCGA_WP_A9GB_01A_11D_A37C_09,135,3236,24.0
sarc_TCGA_X2_A95T_01A_11D_A37C_09,45,646,14.4
sarc_TCGA_X6_A7W8_01A_21D_A351_09,70,1520,21.7
sarc_TCGA_X6_A7WA_01A_12D_A351_09,115,3049,26.5
sarc_TCGA_X6_A7WB_01A_11D_A351_09,112,2768,24.7
sarc_TCGA_X6_A7WC_01A_12D_A351_09,91,2030,22.3
sarc_TCGA_X6_A7WD_01A_21D_A351_09,44,1038,23.6
sarc_TCGA_X6_A8C2_01A_11D_A36J_09,73,1638,22.4
sarc_TCGA_X6_A8C3_01A_11D_A36J_09,54,1100,20.4
sarc_TCGA_X6_A8C4_01A_11D_A36J_09,74,1976,26.7
sarc_TCGA_X6_A8C5_01A_11D_A36J_09,60,1502,25.0
sarc_TCGA_X6_A8C6_01A_11D_A36J_09,50,1102,22.0
sarc_TCGA_X6_A8C7_01A_11D_A36J_09,10,190,19.0
sarc_TCGA_X9_A971_01A_11D_A387_09,44,1266,28.8
sarc_TCGA_X9_A973_01A_11D_A387_09,36,798,22.2
sarc_TCGA_Z4_A8JB_01A_23D_A37C_09,12,342,28.5
sarc_TCGA_Z4_A9VC_01A_11D_A37C_09,19,418,22.0
sarc_TCGA_Z4_AAPF_01A_11D_A38Z_09,17,456,26.8
sarc_TCGA_Z4_AAPG_01A_11D_A38Z_09,38,970,25.5
tcga_sarc_case1,51,1262,24.7
tcga_sarc_case2,51,1102,21.6
tcga_sarc_case3,29,826,28.5
tcga_sarc_case4,36,912,25.3
tcga_sarc_case5,36,1198,33.3
tcga_sarc_case6,476,9740,20.5
